CategoryId,CategoryName
0,HISTORY
1,3-LETTER WORDS
2,AIRLINE TRAVEL
3,THAT OLD-TIME RELIGION
4,THE SOLAR SYSTEM
5,SCIENCE CLASS
6,IN THE DICTIONARY
7,HISTORIC WOMEN
8,TV ACTORS & ROLES
9,TRAVEL & TOURISM
10,"""I"" LADS"
11,FOREWORDS
12,BACKWORDS
13,PEOPLE IN HISTORY
14,"THEATRE CROSSWORD CLUES ""M"""
15,SPORTS LEGENDS
16,GENERAL SCIENCE
17,GETTING POSSESSIVE
18,FLAGS OF THE WORLD
19,ARCHITECTS
20,THE EYES HAVE IT
21,ALASKA
22,INTERNATIONAL SPORTSMEN
23,ANGELS
24,"THE ""I""s HAVE IT"
25,THE CIVIL WAR
26,CELEBS
27,WHAT'S IN A NAME?
28,EMOTICONS
29,NOT A CURRENT NATIONAL CAPITAL
30,SCIENCE
31,AT THE MALL
32,FROM THE GREEK
33,FAMOUS SHIPS
34,AMERICAN AUTHORS
35,ANATOMY
36,NAME THE DECADE
37,WORD ORIGINS
38,EUROPEAN HISTORY
39,AMERICAN EXPLORERS
40,MEASURING DEVICES
41,MYTHOLOGY
42,TELEVISION
43,ANNUAL EVENTS
44,HOMOPHONIC PAIRS
45,WORLD FACTS
46,ART & ARTISTS
47,BUSINESS & INDUSTRY
48,POETS
49,MONEY SLANG
50,MEDICINE
51,STATE SUPERLATIVES
52,3 LITTLE LETTERS
53,EARLY AMERICA
54,TRANSPORTATION
55,NATIONAL MONUMENTS
56,THE CIRCUS
57,ON THE RADIO
58,COMMON BONDS
59,ART
60,THE CONSTITUTION
61,SCOTLAND
62,SOMETHING'S FISHY
63,WORLD RELIGION
64,GEOGRAPHIC PHRASES
65,LIBRARIES
66,"""X"", ""Y"", ""Z"""
67,SHAKESPEAREAN LAST SCENES
68,MEDICAL MILESTONES
69,POETS & POETRY
70,WORLD GEOGRAPHY
71,MIXED DRINKS
72,THE 1930s
73,POP MUSIC
74,AMERICAN HISTORY
75,"CANADIAN GEOGRAPHY, EH?"
76,STAMPS
77,THE KILLERS
78,FACIAL EXPRESSIONS
79,RANKS & TITLES
80,IT'S A DATE!
81,PLAYWRIGHTS
82,THE 1890s
83,AMERICAN NICKNAMES
84,VIETNAM
85,CANDY
86,HISTORIC NICKNAMES
87,THE 1990s
88,U.S. STATES
89,"CROSSWORD CLUES ""D"""
90,POTPOURRI
91,AFRICAN GEOGRAPHY
92,AIN'T THAT AMERICA
93,THE BUTLER DID IT
94,SCIENCE & NATURE
95,BRITISH ROYAL HOUSES
96,AND I QUOTE
97,THEATRE
98,20th CENTURY QUOTES
99,WAR STORIES
100,EUROPE
101,"SEEING ""RED"""
102,SAINTS BE PRAISED
103,PHYSICAL SCIENCE
104,NUMBERS
105,FORE!
106,THREE
107,AIRPORT CODES
108,THOSE DARN ETRUSCANS
109,PEOPLE
110,INTERNATIONAL CUISINE
111,WE ARE THE CHAMPIONS
112,RELIGION
113,"""EN"" THE BEGINNING"
114,THE MIDDLE AGES
115,JEWELRY
116,AUSTRALIA
117,SPORTS EQUIPMENT
118,PEANUTS
119,U.S.A.
120,PEN NAMES
121,11-LETTER WORDS
122,MUSICALS
123,FAMOUS NAMES
124,ADVERTISING SLOGANS
125,THE BIBLE
126,WEATHER
127,4-LETTER WORDS
128,AUTHORS
129,WINE
130,MUSIC VIDEOS
131,HOW DO YOU...
132,"TELL 'EM WHAT THEY'VE WON, JOHNNY"
133,MOVIE TITLE TRANSLATIONS
134,JULIUS CAESAR
135,THE 50 STATES
136,FIRST NOVELS
137,CLASSIC AD LINES
138,HORNS
139,IT'S A DOGGY DOG WORLD
140,"""MUM""s THE WORD"
141,ADJECTIVES
142,ASIA
143,TRIALS OF THE CENTURY
144,NAME THE AUTOMAKER
145,HEADS OF STATE
146,MAGAZINES
147,COLLEGES & UNIVERSITIES
148,LITERARY GENRES
149,CANALS
150,HIDDEN BOOKS OF THE BIBLE
151,INDEPENDENCE DAYS
152,FROM THE LATIN
153,THE SILVER SCREEN
154,"ENGLAND, SCOTLAND OR WALES"
155,THE TITANIC
156,SCIENCE GUYS
157,BOOK NAMES
158,WHAT ARE YOU DOING?
159,ASIAN CAPITALS
160,PRESIDENTIAL ELECTIONS
161,3-LETTER ABBREV.
162,U.S. GEOGRAPHY
163,STATE OF THE UNION
164,CELEBRITY RHYME TIME
165,CONDUCTORS
166,FIRST NAME'S THE SAME
167,NOVELS
168,TEENS IN HISTORY
169,RHYME TIME
170,MOUNTAINS
171,SIMPLE SCIENCE
172,ROCK MUSIC
173,ACTRESSES
174,"CROSSWORD CLUES ""M"""
175,FARAWAY PLACES
176,CARTOONS
177,LANGUAGES
178,NURSERY RHYMES
179,CLASSICAL MUSIC
180,WHAT'S YOUR BEEF?
181,MORTAL MATTERS
182,BIRDS
183,AUTHORS' RHYME TIME
184,COUNTRY MUSIC
185,FICTION
186,SHIPS
187,FOOD FACTS
188,NATURE
189,MISC.
190,"""KEY""s"
191,ORGANIZED LABOR
192,VICE PRESIDENTS
193,LESSER-KNOWN AMERICANS
194,WOMEN: WRITE ON!
195,EPONYMS
196,LAST NAME'S THE SAME
197,THE WESTERN HEMISPHERE
198,PLACES
199,19th CENTURY AMERICA
200,GENERAL INFORMATION
201,THE MOVIES
202,WEAPONRY
203,MEDICAL TALK
204,FICTIONAL CHARACTERS
205,"CROSSWORD CLUES ""F"""
206,TOUGH BODIES OF WATER
207,CABLE CHANNELS
208,WOMEN OF THE WORLD
209,SWEET!
210,CHINESE CALENDAR ANIMALS
211,WHO'S THE MRS.?
212,MYTHELLANEOUS
213,THE GODFATHER
214,THE FRENCH CONNECTION
215,SHAKESPEARE
216,SPORTS
217,ON THE MOVE
218,DOUBLE TALK
219,TOUGH MOVIE TRIVIA
220,INTERIOR DESIGN
221,PEOPLE WHO BECAME WORDS
222,THE FALL
223,WORLD MUSEUMS
224,LIFE SCIENCE
225,DOUBLE MEANINGS
226,LITERARY TITLES
227,BALLET
228,WORDS
229,PRESIDENTIAL LIBRARIES
230,JULY
231,WHAT'S ON TV?
232,LITERATURE
233,SYNONYMS
234,ANIMALS
235,HISTORIC AMERICANS
236,PICTURE THIS
237,LIVE IN TEXAS
238,FRENCH ART & ARTISTS
239,ON THE GO
240,3-NAMED AUTHORS
241,HORSE SENSE
242,"""BOO""!"
243,IT BORDERS JUST ONE OTHER COUNTRY
244,21st CENTURY MUSIC
245,ABBREV.
246,"""V"""
247,WORLD LEADERS
248,BESTSELLERS
249,PHOTOGRAPHERS
250,TV CASTS
251,GRAVE MATTERS
252,ARTISTS & THEIR WORKS
253,LITERARY CHARACTERS
254,NUTRITION
255,MOVIE SONGS
256,OXYMORONS
257,PSYCHOLOGY
258,MINERALS
259,GREECE
260,STUPID ANSWERS
261,THE 1960s
262,COMPOSERS
263,GOVERNMENT
264,THE FUNNIES
265,INSECTS
266,GAMBLING
267,THE 1980s
268,ANIMATED FILMS
269,SWEET TREATS
270,LAW & GOVERNMENT
271,DANCE
272,HOLIDAYS & OBSERVANCES
273,SHAKESPEAREAN CHARACTERS
274,REQUIRED READING
275,HOMOPHONES
276,YOU DO THE MATH
277,ODDS & ENDS
278,QUOTATIONS
279,A LITERARY TOUR
280,WHAT'S THAT SOUND?
281,"""B"" PREPARED"
282,WORLD CAPITALS
283,ISRAEL
284,ANAGRAMMED BIRDS
285,ISLANDS
286,WHO'S ON FIRST?
287,NORSE MYTHOLOGY
288,"CROSSWORD CLUES ""R"""
289,CIVIL WAR PEOPLE
290,AT THE MOVIES
291,THE HIGHEST-SCORING SCRABBLE WORD
292,"LITERARY CROSSWORD CLUES ""L"""
293,FROM THE FRENCH
294,SOCIOLOGY
295,DICTATORS & TYRANTS
296,THE ONION
297,WORLD AUTHORS
298,BUSINESS LEADERS
299,5-LETTER WORDS
300,SCIENTISTS
301,FINANCE
302,WAR MOVIES
303,LITERARY BEFORE & AFTER
304,THE BIG APPLE
305,COMPOSERS ON FILM
306,HISTORIC NAMES
307,WHAT A CHARACTER!
308,GEOLOGY
309,NAME THE POET
310,"CROSSWORD CLUES ""B"""
311,U.S. POLITICS
312,ASSASSINS
313,SIGNS & SYMBOLS
314,"CROSSWORD CLUES ""K"""
315,THE CINEMA
316,HAIR TODAY
317,MAIN STREET U.S.A.
318,FLOWERS
319,BEFORE & AFTER
320,BOOK TITLES
321,NOVEL QUOTES
322,"GIVE ME AN ""A""!"
323,WEDDINGS
324,THE EMERALD ISLE
325,WHAT A GEM!
326,1987
327,SNACK ATTACK
328,FIRST LADIES' RHYME TIME
329,MUNICH
330,THE COLOR PURPLE
331,OPERA
332,BODIES OF WATER
333,PLANT PARENTHOOD
334,PRESIDENTIAL RHYME TIME
335,THE GIANTS
336,"THE ""A""s"
337,BASEBALL HISTORY
338,LOW TECH
339,"ALL ""AMERICAN"""
340,ELIZABETH TAYLOR FILMS
341,JURY DUTY
342,THE NOBEL PEACE PRIZE
343,FRUIT
344,ENDS WITH 3 VOWELS
345,STATES' FORMER CAPITALS
346,PLAY ADJECTIVES
347,ACTORS & ACTRESSES
348,BIOGRAPHIES
349,BUSINESS
350,CLASSICAL COMPOSERS
351,PROVERBS
352,THE SUPREME COURT
353,POETRY
354,RIVERS
355,SCULPTURE
356,LYRICS FROM MUSICALS
357,"""PH""UN WORDS"
358,SPORTS HOME CITIES
359,WORMS
360,STATES OF THE UNION
361,DOUBLE LETTERS
362,MAD
363,SPEECH!  SPEECH!
364,"""A"" PLUS"
365,ALL GOD'S CREATURES
366,"""B"" IN GEOGRAPHY"
367,YOU'RE AN ANIMAL!
368,WORLD HISTORY
369,ANAGRAMMED STATE CAPITALS
370,TOM JONES
371,SHAKESPEAREAN OPERAS
372,WORD & PHRASE ORIGINS
373,FILM FACTS
374,U.N. SECRETARIES-GENERAL
375,SONGS
376,AWARDS
377,ANIMAL GROUPS
378,IN THE BOOKSTORE
379,WOMEN'S FASHION
380,"STARTS WITH ""B"""
381,CELEBRITY RELATIVES
382,SPORTS TRIVIA
383,SAY CHEESE
384,EXPLORERS
385,THE HUMAN BODY
386,AMERICAN LITERATURE
387,THE PLANETS
388,ANTIQUES
389,THE REVOLUTIONARY WAR
390,GAME SHOWS
391,THE ENVIRONMENT
392,"THE ""UNDER"" WORLD"
393,WHEN THEY WERE TEENS
394,FAMOUS AMERICANS
395,GREEK MYTHOLOGY
396,LONG WORDS
397,TRAVEL
398,CELEBRITIES' MIDDLE NAMES
399,MESOPOTAMIA
400,MOTHER GOOSE
401,"DEPARTMENT ""S"""
402,STATE FISH
403,U.S. CITIES
404,ITALIAN ART
405,DAYS
406,KNIGHTS
407,GOING DUTCH
408,BRAND NAMES
409,"""DEATH"""
410,ARTHUR MILLER
411,GET YOUR FACTS STRAIGHT
412,4-LETTER VERBS
413,THE FORTUNE 500
414,PLANT LIFE
415,THE 20th CENTURY
416,RHYMES WITH TEEN
417,COLLEGE FOOTBALL
418,TEENS OF THE PAST
419,AUTHOR!  AUTHOR!
420,GEORGE WASHINGTON
421,NO. 1 ALBUMS
422,THE NEW TESTAMENT
423,FOREIGN CURRENCY
424,WORDS WITHIN WORDS
425,ASIAN NATIONS
426,WORLD CITIES
427,WHAT AILS YOU?
428,1957
429,REALLY BIG
430,SHOES
431,POLITICIANS
432,MUSICAL THEATRE
433,ROCKS & MINERALS
434,DOUBLE DOUBLE LETTERS
435,SODA POP QUIZ
436,TREES
437,RODGERS & HAMMERSTEIN
438,BRITISH HISTORY
439,HOLIDAYS
440,BIOLOGY
441,WHO'S THE BOSS
442,THE FILM VAULT
443,GOULASH
444,19th CENTURY LITERATURE
445,SISTER CITIES
446,TOP O' THE CHARTS
447,ALSO A VEGAS CASINO
448,20th CENTURY NOVELS
449,JUST DESSERTS
450,BRIDGES
451,POLITICS
452,PHYSICS
453,AFRICAN AMERICANS
454,WORLD HODGEPODGE
455,NEW YORK TIMES HEADLINES
456,ENGINEERING
457,BETTER KNOWN AS...
458,HISTORIC QUOTES
459,DRAMA
460,TV CHARACTERS
461,SPACE MISSIONS
462,BUSY AS A BEAVER
463,THE OTTOMAN EMPIRE
464,X MARKS THE SPOT
465,OFFICIAL LANGUAGES
466,WORKING ON THE RAILROAD
467,THE NEW YORK TIMES THEATER
468,AMERICANS IN PARIS
469,"CROSSWORD CLUES ""Q"""
470,IT'S EXTINCT
471,ACTORS & THEIR ROLES
472,TECHNOLOGY
473,ETIQUETTE
474,SIMILES
475,FRUITS & VEGETABLES
476,AMERICAN INDIANS
477,NOVELISTS
478,U.S. RIVERS
479,1988
480,FOOD
481,HEALTH & MEDICINE
482,"CROSSWORD CLUES ""E"""
483,ANCIENT HISTORY
484,SAINTS
485,CLOTHING
486,NAMES IN THE NEWS
487,BROADWAY LYRICS
488,STATE BIRDS
489,ANNIVERSARY GIFTS
490,"TELL ME ""Y"""
491,LOST
492,CANADIAN CAPITALS
493,TELEVISION HISTORY
494,DRIVING
495,EXPORTS
496,FAMILIAR PHRASES
497,FEMALE ATHLETES
498,WEBSITES
499,VACATION FUN
500,COMIC & CARTOON CRITTERS
501,OFFICIAL STATE THINGS
502,FIRST NAMES
503,THE NATIONAL PARK SYSTEM
504,SAME FIRST & LAST LETTER
505,FACTS & FIGURES
506,SLOGANEERING
507,FIRST LADIES
508,BOTANY
509,ABBREVIATED
510,WORLD COINS
511,UNOFFICIAL STATE NICKNAMES
512,TV MOVIES
513,ARCHITECTURE
514,KIDDIE LIT
515,PRESIDENTS
516,INNS
517,OATS
518,CLASSIC ADS & JINGLES
519,OCCUPATIONS
520,RUSSIAN LITERATURE
521,PARTS OF THE WHOLE
522,MILITARY TELEVISION
523,THEM'S FIGHTIN' WORDS
524,LITERARY ALLUSIONS
525,THE DIRECTOR'S CHAIR
526,FDR
527,CNN
528,THE CIA
529,THE CAT
530,LET THE GAMES BEGIN
531,RHYME TIME FOOD & DRINK
532,THE CONTINENTS
533,THE SUMMER OLYMPICS
534,AMERICANA
535,CHRISTOPHER COLUMBUS
536,MOVIE MUSIC
537,U.S. PRESIDENTS
538,FURNITURE
539,KILLER MUSICALS
540,"""PIN"" ME"
541,GIRLS IN SONG
542,SEE THE USA
543,WEAPONS
544,THE HUSBAND MARRIED
545,SHAKESPEARE'S WOMEN
546,"STARTS WITH ""W"""
547,SOUTH AMERICA
548,"""DOUBLE"" JEOPARDY"
549,GIANTS OF SCIENCE
550,BATTLES
551,STATE CAPITALS
552,THE OLD WEST
553,TOUGH STUFF
554,"CROSSWORD CLUES ""G"""
555,STOCK SYMBOLS
556,ANCIENT TIMES
557,A BUG'S LIFE
558,RICHARD
559,FRANCE
560,COMIC STRIPS
561,MISSING LINKS
562,MOVIE TAG LINES
563,ASTRONOMY
564,INTERNATIONAL RHYME TIME
565,AWARDS & HONORS
566,BOOKS & AUTHORS
567,GAMES PEOPLE PLAY
568,INVENTORS & INVENTIONS
569,STRUCTURES
570,"""FOR"" WORDS"
571,ENGLISH LIT
572,CELEBRITY MARRIAGES
573,PERFUME
574,BERMUDA SHORTS
575,SOUNDS LIKE A RAPPER
576,THE FABULOUS '50s
577,SNOWBOARDING
578,MED. ABBREV.
579,STORYTELLERS
580,GREAT DAMES
581,A FASHIONABLE CATEGORY
582,2-LETTER WORDS
583,20th CENTURY WORLD LEADERS
584,WESTERNS
585,FUN WITH BALLET
586,ONE-WORD RHYMES
587,BIBLICAL GEOGRAPHY
588,WHO'S YOUR MOMMY?
589,ORGANIZATIONS
590,"""N""ATIONS OF THE WORLD"
591,MOVIE DEBUTS
592,LITERARY OPENINGS
593,GRAINS & STAPLES
594,GEOGRAPHY
595,NOTORIOUS
596,HERBS & SPICES
597,____ OF THE ____
598,AGRICULTURE
599,18th CENTURY AMERICANS
600,MATH TERMS
601,JAY
602,SCIENTIFIC AMERICAN
603,CLASSIC DISNEY FILMS
604,NAME THE SHAKESPEARE PLAY
605,CREATION STORIES
606,CONTAINERS
607,DOUGH
608,CHEESE
609,FLOWER
610,ALBUMS
611,FOREIGN TRAVEL
612,HOUSES OF WORSHIP
613,"MIDDLE ""C"""
614,WAR
615,GAMES
616,TV THEME LYRICS
617,DEATH BY...
618,TITLE WAVE
619,THE OLD TESTAMENT
620,INVENTIVE MINDS
621,MOTTOES
622,MUSICAL THEATER
623,MODES OF TRANSPORT
624,ON THE STAGE
625,SHAKESPEAREAN PHRASES
626,MAMMALS
627,"""T"" TIME"
628,CHILDREN'S AUTHORS
629,ARTS & CRAFTS
630,AFRICAN-AMERICANA
631,TV DRAMAS BY EPISODE
632,GUINNESS RECORDS
633,TV STARS
634,ELEMENT-ARY SCHOOL
635,ABRAHAM LINCOLN
636,FUN WITH OPERA
637,AUDIO BOOKS
638,NICKNAMES
639,SONG LYRICS
640,PRESIDENTIAL TRIVIA
641,1984
642,AMERICAN PLAYS
643,MUSICAL INSTRUMENTS
644,CHAIRS
645,LITERARY ANIMALS
646,HOTELS
647,THE SHORT VERSION
648,CONTESTS
649,ENGLISH CLASS
650,I KNOW THAT SONG
651,BREAKFAST CEREALS
652,BROADWAY
653,UP & ATOM
654,THE BODY HUMAN
655,CARDS & DICE
656,ROYALTY
657,BRITISH POETS & POETRY
658,BOXING MOVIES
659,NATIONAL PARKS OF THE WORLD
660,FEMINISM
661,A FLY CATEGORY
662,2-LETTER ABBREV.
663,20th CENTURY AMERICANS
664,THE DAY THE MUSIC DIED
665,THE KOREAN WAR
666,THE UNIVERSE
667,BASEBALL
668,MOVIE MUSICALS
669,DON'T TRY THIS AT HOME
670,THE RENAISSANCE
671,PLANTS
672,LITERARY QUOTES
673,COUNTRIES OF THE WORLD
674,"THE ""L"" WORLD"
675,AMERICAN WOMEN
676,SCIENCE BRIEFS
677,COMPOUND WORDS
678,THEY ALSO RAN
679,RODENTS
680,"""F""OOD"
681,WASHINGTON D.C.
682,COLORS
683,MOVIE TRIVIA
684,VOLCANOES
685,MAGIC
686,ANIMAL PLANET
687,ENGLISH LITERATURE
688,AROUND THE WORLD
689,20th CENTURY NICKNAMES
690,MUSEUMS
691,THE LAW
692,POETS' RHYME TIME
693,THE TEENS
694,BLACK HISTORY MONTH
695,BALLS
696,FIRSTS
697,LASTS
698,CHARACTERS IN BOOKS
699,HISTORIC DATES
700,SPORTS SHORTS
701,POP CULTURE
702,BIBLICAL QUOTES
703,BULL
704,BASIC SCIENCE
705,HIT TUNES
706,BRITISH PRIME MINISTERS
707,SPOUSE IN COMMON
708,CIVIL WAR LITERATURE
709,KNOTS TO YOU
710,LITERARY FIRST LINES
711,ASTROLOGY
712,INDONESIA
713,NATIONAL ANTHEMS
714,MAYORS
715,FOR THE BIRDS
716,CARY GRANT FILMS
717,WATERFALLS
718,THE 13th CENTURY
719,CHANCE
720,WHEAT
721,FOUNTAINS
722,HISTORIC AMERICA
723,10-LETTER WORDS
724,THE NOBEL PRIZE
725,BUGS
726,COUNTIES BY STATE
727,MOVIE CO-STARS
728,MAY DAYS
729,"""EZ"" DOES IT"
730,18th CENTURY AMERICA
731,NFL COACHES
732,THE BODY WOMAN
733,VERBS
734,MOVIE DIRECTORS
735,NATIVE AMERICAN PLACE NAMES
736,TRUTH OR DARE
737,NAME THE PLAY
738,THE ELEMENTS
739,NORTH AMERICAN GEOGRAPHY
740,MUSICAL INSTRUMENT MOVIES
741,AUSTRALIAN WILDLIFE
742,AN ABBREVIATED CATEGORY
743,THE NORTHERNMOST CAPITAL CITY
744,THE SHORT FORM
745,BRUCE ALMIGHTY
746,"ROLL OVER, BEETHOVEN"
747,MAJOR LEAGUE BASEBALL
748,NONFICTION
749,WHAT TO WEAR?
750,U.S. GEOGRAPHIC NICKNAMES
751,LUNCH COUNTER LINGO
752,OSCAR-WINNING ROLES
753,NATIVE AMERICANS
754,THE OLD COLLEGE TRY
755,PAINTERS
756,EXPLORATION
757,THE 19th CENTURY
758,PLAYS & PLAYWRIGHTS
759,HE WAS IN THAT?
760,ANAGRAMMED CABINET DEPARTMENTS
761,MILITARY MATTERS
762,HOME
763,THE ROLLING STONES
764,"THE ""B.G.""s"
765,CAPITAL PUNISHMENT
766,NOTABLE NAMES
767,3-LETTER THE BETTER
768,GREEK LETTERS
769,FOOD & DRINK
770,20th CENTURY ARTISTS
771,KIDDY LIT
772,WORLD WAR I
773,SECRET IDENTITIES
774,WOMEN'S FIRSTS
775,THE AMERICAN REVOLUTION
776,REAL ESTATE
777,"CROSSWORD CLUES ""H"""
778,PLACES IN THE BIBLE
779,TRAVEL CANADA
780,SPELLING
781,FAMOUS WOMEN
782,PODGE-POURRI
783,THE QUOTABLE BEN FRANKLIN
784,BIRD VERBS
785,THEIR FIRST NOVELS
786,"CATCHING SOME ""Z""s"
787,KNOW YOUR RIGHTS
788,THIS & THAT
789,LITERARY LETTER DROP
790,PLANTS & TREES
791,OUR FOUNDING FATHERS
792,COLLEGE TEAM NICKNAMES
793,THE LARGEST IN AREA
794,MYTHS & LEGENDS
795,PREFIXES
796,13-LETTER WORDS
797,CLASSIC TV
798,SWITZERLAND
799,PUERTO RICO
800,QUOTABLE MOVIES
801,BOXING
802,NOTABLE WOMEN
803,THE 1950s
804,WHAT'S FOR LUNCH?
805,PHILOSOPHERS
806,"ENDS IN ""OO"""
807,"""RH"" FACTOR"
808,OSCAR-WINNING SONGS
809,ISMs
810,HISTORIC PEOPLE
811,THE CABINET
812,ODD WORDS
813,ARTISTS
814,POET-POURRI
815,CAR TUNES
816,SHADES OF GREEN
817,20th CENTURY HISTORY
818,TOP SELLER IN THE U.S.
819,DESERTS
820,ENERGY
821,TIME FOR A HAIRCUT
822,"""CON""s"
823,"HISTORY CROSSWORD CLUES ""M"""
824,FROM PAGE TO SCREEN
825,12-LETTER WORDS
826,BIRTHSTONES
827,YOU'VE GOT COMPANY
828,LANDMARKS
829,CELEBRITIES
830,STARDUST
831,TRAVEL FUN
832,SUMMERTIME
833,BE A SPORT
834,TEEN QUEENS
835,LANGUAGE LAB
836,THE FOUR SEASONS
837,19th CENTURY LIT
838,BIBLICAL ZOO
839,HOCKEY
840,THE SPANISH-AMERICAN WAR
841,A DAY AT THE RACES
842,MR. BUSINESSMAN
843,NOT A NATIONAL CAPITAL
844,"""K"" MART"
845,STATE CAPITAL BIRTHPLACES
846,"""N"" THE BEGINNING"
847,ANIMAL SONGS
848,WORLD TRAVEL
849,COMEDY FILMS
850,BRITISH MONARCHS
851,STUDYING ABROAD
852,SHOP TALK
853,TOUGH HODGEPODGE
854,LITERARY TERMS
855,THE EARTH
856,LEADING MEN
857,LANGUAGE
858,GENESIS
859,"""LOVE"" SONGS"
860,POTENT POTABLES
861,SINGERS
862,THERE ARE NO SMALL PARTS
863,"""ICK""Y WORDS"
864,PRESIDENTIAL CAMPAIGNS
865,THE THEATER
866,WEST VIRGINIA
867,ANAGRAM ZOO
868,PEOPLE EAT THAT?
869,GOVERNMENT & POLITICS
870,"ENDS IN ""EE"""
871,CHERCHEZ LA FEMME
872,HE'S A REBEL
873,IMMIGRANTS
874,ACTOR-DIRECTORS
875,THE SONG DYNASTY
876,WEATHER GEAR
877,OLD JOBS
878,CHILDREN'S LITERATURE
879,THE SUPREMES
880,TV SHOWS BY CHARACTER
881,HALLS OF FAME
882,YOUR NUMBER'S UP
883,STATE FACTS
884,COMIC STRIPPERS
885,THE 1860s
886,WHO WAS PRESIDENT WHEN...
887,3-D
888,THE DREADED OPERA CATEGORY
889,CHURCHES
890,WORLD FLAGS
891,U.S. HISTORY
892,WHAT'S THE QUESTION?
893,GREEN
894,HORTON HEARS THE WHO
895,EDUCATION
896,POETIC LICENSE
897,ARCHAEOLOGY
898,GONE TOO SOON
899,THE WAR OF 1812
900,HOW DOES YOUR GARDEN GROW?
901,"GEOGRAPHY ""B"""
902,LITERARY PAIRS
903,FROM A TO E
904,FRENCH HISTORY
905,"LITERARY CROSSWORD CLUES ""S"""
906,STATUE-ESQUE
907,"""BOOK""S"
908,A VARIETY OF WORDS
909,PRO BASKETBALL
910,THE 1990S
911,SINGERS WHO ACT
912,METALS
913,HINTS FROM HELOISE
914,BLACK AMERICANS
915,OPERA CHARACTERS
916,PARKS
917,CONTEMPORARY AUTHORS
918,REPUBLICANS
919,NATURE STUDY
920,ESPAÑOL
921,MUSIC CLASS
922,LAKES & RIVERS
923,INTELLIGENT FILMS
924,ROYAL WOMEN
925,WORLD OF FOOD
926,"""OO"" WHO?"
927,SCIENCE & TECHNOLOGY
928,OSCAR-NOMINATED SONGS
929,I'LL HAVE THE BEEF
930,JAMES BOND
931,"""OO"" 7-LETTER WORDS"
932,1970s ALBUMS
933,"A ""LITTLE"" LIT"
934,THE BOD SQUAD
935,HODGEPODGE
936,ABBREVIATED S
937,SPACE EXPLORATION
938,A NUMBER FROM 1 TO 10
939,PARTICLE PHYSICS
940,FRENCH COMPOSERS
941,WOMEN IN SCIENCE
942,ART SCHOOL
943,TO PHRASE A COIN
944,U.S. ISLANDS
945,"A ""D"" IN HISTORY"
946,NAME THAT TUNE
947,BIBLICAL CITIES
948,FOOD IN FRENCH
949,TOWERS
950,INTERNET FAVORITES
951,MONARCHS
952,POLITICAL LEADERS
953,PARIS
954,THE HISTORY CHANNEL
955,2 FIRST NAMES?
956,CLASSIC MOVIE LINES
957,E BEFORE I
958,SNL ALUMNI
959,"""G"" WHIZ"
960,SPORTS MOVIES
961,STATE TREES
962,TEENS IN LITERATURE
963,POLITICAL PARTIES
964,1954
965,BOTTOMS UP!
966,ZOOLOGY
967,VOCABULARY
968,ASTRONOMERS
969,THE CALENDAR
970,NATIONAL PARKS
971,THIRTYSOMETHING
972,USA
973,ART HISTORY
974,THE OSCARS
975,BOOKS FOR YOUR DOG
976,"""BACK"" WORDS"
977,COUNTRIES BY CAPITAL
978,WORDS FOR WORDS
979,PRE-CIVIL WAR AMERICA
980,HIGHWAYS & BYWAYS
981,OSCAR WINNERS' RHYME TIME
982,"""M""USIC"
983,NAME THE JAMES
984,A CAPITAL IDEA
985,ANAGRAMMED COUNTRIES
986,COUNTRIES BY CITIES
987,ALMA MATERS
988,"""G"" MEN"
989,WEIGHTS & MEASURES
990,ANCIENT VIPs
991,ITALIAN LITERATURE
992,"THE ""UN""CATEGORY"
993,ROMAN EMPERORS
994,ACTING THE PART
995,ALPHABETICALLY LAST
996,THE ARTS
997,ADDRESSES
998,THE EMMYS
999,10-LETTER NAMES
1000,FAMOUS QUOTES
1001,WORD PLAY
1002,ANIMALS EN ESPAÑOL
1003,"""A"" IN SCIENCE"
1004,PUBLISHING
1005,IN THE NAVY
1006,MOVIE ADJECTIVES
1007,ANIMAL NAMES
1008,FASHION
1009,PRESIDENTS AT REST
1010,FLAGS
1011,U.S. COINS
1012,DRUGS
1013,PENN. NAMES
1014,REALLY BAD DATES
1015,HISTORIC QUOTATIONS
1016,COMPUTING 101
1017,COLORFUL RHYME TIME
1018,THERE ARE PLACES
1019,U.S. GOVERNMENT
1020,LESSER-KNOWN NAMES
1021,U.S. BODIES OF WATER
1022,"""P""s & ""Q""s"
1023,SINNERS
1024,CHEMISTRY
1025,LIFE
1026,INTERNATIONAL FOOD & DRINK
1027,ROCK ME
1028,PRESIDENTIAL NICKNAMES
1029,MONEY TALKS
1030,STAR TREK
1031,-OLOGIES
1032,CLASSIC LIT
1033,RUSSIAN WORDS & PHRASES
1034,AT THE BUFFET
1035,THE NEW YORK TIMES COLUMNISTS
1036,BROADWAY MUSICALS
1037,COLLECTIBLES
1038,WOMEN AUTHORS
1039,DISNEY FILM VOICES
1040,ABBREVIATIONS
1041,PUT 'EM IN ORDER
1042,ROBERT LOUIS STEVENSON
1043,"""AA"""
1044,MISSING BODY PARTS
1045,TV BEFORE & AFTER
1046,AFRICAN COUNTRIES
1047,GEMS & JEWELRY
1048,EUROPEAN GEOGRAPHY
1049,ANAGRAMS
1050,GERMAN CUISINE
1051,WORLD RELIGIONS
1052,GEMS
1053,"CROSSWORD CLUES ""T"""
1054,POP STARS
1055,"""O"" TOWN"
1056,THE BLUE & THE GRAY
1057,"I'M JUST A ""BILL"""
1058,BIRTHPLACES
1059,TV COMEDY
1060,AROUND THE BIBLE
1061,CRIME TIME
1062,EUROPEAN ART
1063,PHYSICISTS
1064,BEER COUNTRY OF ORIGIN
1065,TEAMS' RETIRED JERSEYS
1066,RUSSIAN HISTORY
1067,BILLIONS & BILLIONS
1068,GOING NATIONAL
1069,NAME THE MOVIE
1070,TONGUE TWISTERS
1071,SHAKESPEAREAN ACTORS
1072,BRITISH AUTHORS
1073,CANADIAN HISTORY
1074,CANADIAN GEOGRAPHY
1075,PETS
1076,COOKING
1077,"CROSSWORD CLUES ""A"""
1078,U.S. LAKES
1079,SPORTS RULES
1080,THE PRODUCE DEPARTMENT
1081,WORLD HERITAGE SITES
1082,PATRON SAINTS
1083,COFFEE BREAK
1084,COLOR MY WORLD
1085,WHAT'S IN AN ARTIST'S NAME?
1086,THE FIRST WIVES CLUB
1087,SCI. ABBREV.
1088,RETRONYMS
1089,THE ANIMAL KINGDOM
1090,HISTORIC AMOURS
1091,MATH
1092,ANCIENT ROME
1093,NAME THE ARTIST
1094,AMERICAN IDOL
1095,COLLEGE-PODGE
1096,GET A JOB!
1097,MOTHER'S DAY
1098,COLLEGE STADIUMS & ARENAS
1099,COLLEGE SPORTS
1100,AMERICAN BUSINESS
1101,20th CENTURY POP CULTURE
1102,"""D"" IN SCIENCE"
1103,NEWSPAPERS & MAGAZINES
1104,THE ACADEMY AWARDS
1105,ASSOCIATIONS
1106,FOOTBALL
1107,1901
1108,4-LETTER FILMS
1109,FLORIDA
1110,SPINGARN MEDAL WINNERS
1111,AUTHORS' MIDDLE NAMES
1112,A NOVEL CATEGORY
1113,FILL IN THE SONG TITLE
1114,BORN & DIED
1115,"5 IN A ""ROW"""
1116,SCIENCE TERMS
1117,"STARTS WITH ""Z"""
1118,SPORTS NICKNAMES
1119,TV GUIDE SAYS
1120,"NUMBER, PLEASE"
1121,THE NEWSPAPER
1122,MUSIC
1123,15-LETTER WORDS
1124,U.S. CITY NICKNAMES
1125,MILK
1126,FAMOUS FRENCHMEN
1127,PRESIDENTIAL BIRTHPLACES
1128,WHEN THEY WERE IN COLLEGE
1129,AMERICAN HERSTORY
1130,CAPES
1131,TV THEME SONGS
1132,ONCE UPON A DECEMBER
1133,BALLET BASICS
1134,STORIED HOTELS
1135,MYTHOLOGY & ART
1136,"CROSSWORD CLUES ""P"""
1137,2-LETTER SCRABBLE WORDS
1138,INTERNATIONAL ROAD VEHICLE STICKERS
1139,THE END OF THE LINE
1140,CHILDREN'S LIT
1141,WORLD OF DANCE
1142,TV TIME
1143,TURKEY
1144,LEFTOVERS
1145,THE PILGRIMS
1146,20th CENTURY PEOPLE
1147,U.S. FIRSTS
1148,SHAKESPEAREAN RHYME TIME
1149,LOVE
1150,STYLE
1151,THE 18TH CENTURY
1152,FEAR
1153,PHILOSOPHY
1154,WHO PLAYED 'EM?
1155,COLORFUL ROCK
1156,MYTHICAL MENAGERIE
1157,DYNASTY
1158,WARS
1159,"""EX"" WORDS"
1160,AMERICAN MUSIC
1161,"JAVA, THE HUT"
1162,NAME THAT SPORT
1163,"BRAND ""X"""
1164,LITTLE-USED WORDS
1165,UTAH
1166,SPORTS CUPS
1167,THE AUTO INDUSTRY
1168,TOUGH TV TRIVIA
1169,TOOL TIME
1170,ST. PAUL
1171,WHAT A COUNTRY!
1172,ODDPODGE
1173,STATE FLAGS
1174,HANS CHRISTIAN ANDERSEN
1175,FAMOUS PAIRS
1176,LIVRES EN FRANÇAIS
1177,"""P.M."""
1178,CEREMONIES
1179,TV BLONDES
1180,SOCIAL SCIENCE
1181,CINCINNATI
1182,REDS
1183,THE VICTORIANS
1184,BIBLICAL BOTANY
1185,THE KENNEDYS
1186,LOUISIANA
1187,HOUSEHOLD HINTS
1188,IN OTHER WORDS
1189,POTENT QUOTABLES
1190,U.S. PLACE NAMES
1191,SYMPHONIES
1192,"""U"" GOT IT!"
1193,OFF TO COLLEGE
1194,DISNEY MOVIES BY CHARACTER
1195,REALITY TV
1196,SPORTS TERMS
1197,FOREIGN WORDS & PHRASES
1198,FAMOUS CANADIANS
1199,WINES & SPIRITS
1200,U.S. MOUNTAINS
1201,SILLY SONGS
1202,THE OLYMPIC GAMES
1203,MIDDLE NAMES
1204,BIBLICAL RHYME TIME
1205,SUMMER CAMP
1206,WHICH CABINET DEPARTMENT?
1207,20th CENTURY AUTHORS
1208,A PIRATE'S LIFE FOR ME
1209,NAME'S THE SAME
1210,PRESIDENTIAL FIRSTS
1211,LITERARY ____ OF ____
1212,"""C"" PLUS"
1213,CATHOLICISM
1214,ACRONYMS
1215,INTERNATIONAL STARS
1216,WHICH TV SHOW CAME FIRST?
1217,ON THE MENU
1218,APRIL
1219,"WHO ""R"" YOU?"
1220,BRIT LIT
1221,MR. JOHNSON
1222,"THE STORY OF ""O"""
1223,A LITTLE BIT COUNTRY
1224,"""C"" CREATURES"
1225,ALL THE WORLD'S A STAGE
1226,"""WATER"""
1227,GREAT BRITS
1228,TOP 40 MATH
1229,THE VEEP
1230,LETTER PERFECT
1231,CONGRESSIONAL DISTRICTS
1232,AFRICA
1233,SONGS FROM MUSICALS
1234,RICE
1235,MEDICAL PREFIXES & SUFFIXES
1236,CRY
1237,SCULPTORS
1238,RECENT MOVIES
1239,"""B"" IN FASHION"
1240,NATIONAL HISTORIC SITES
1241,ODE TO ENGLAND
1242,"""HEART""Y PHRASES"
1243,CARD GAMES
1244,JAPAN
1245,FILM BIOGRAPHIES
1246,EUROPEAN COMPOSERS
1247,"""AW"", SHUCKS"
1248,MEDICATIONS
1249,MARCH
1250,THE DEAD SEA SCROLLS
1251,"""B"" MOVIES"
1252,LABOR UNIONS
1253,HOMONYMS
1254,TV TRIVIA
1255,WORLD LITERATURE
1256,MOVIE SEQUELS
1257,THE 7 ANCIENT WONDERS
1258,HEALTH & FITNESS
1259,SONNETS
1260,ENTERTAINERS
1261,SCIENTIFIC DISCOVERIES
1262,INTERIORS
1263,THE LEAGUE OF NATIONS
1264,PRODUCT PLACEMENT
1265,WOMEN IN HISTORY
1266,BROWN
1267,SUBWAY STOPS
1268,WRITERS
1269,ENDANGERED SPECIES
1270,GLOBETROTTING
1271,SONG ADJECTIVES
1272,SHORT STORIES
1273,HIS STORY
1274,THE WEST INDIES
1275,FEATURE FILM DEBUTS
1276,WILD THINGS
1277,NEW WORDS & PHRASES
1278,FRENCH NOVELISTS
1279,GARDENS
1280,JOURNALISM
1281,ANGELS & DEMONS
1282,POP MUSIC PAIRINGS
1283,THE BARD WRITES
1284,HISTORY'S MYSTERIES
1285,NOVELIST-PLAYWRIGHTS
1286,SCHOOL DAYS
1287,ACTORS & ROLES
1288,HORSES
1289,MUSICIANS
1290,CHOW
1291,"WASHINGTON, D.C."
1292,THE UNIVERSITY OF...
1293,WORLD WAR II
1294,NOVELS' FIRST LINES
1295,BEASTLY EXPRESSIONS
1296,20th CENTURY SCIENCE
1297,TAKE THE FIFTH
1298,IT BORDERS BOTH
1299,CHAMPIONS OF TOURNAMENTS
1300,"""Y""s GUYS"
1301,SINGERS ON FILM
1302,MATH VOCABULARY
1303,NATIONAL GEOGRAPHIC
1304,KID LIT
1305,COLORFUL LANGUAGE
1306,ANIMATED MOVIES
1307,LET'S GO GOLFING
1308,FOUR!
1309,DOWN TO EARTH
1310,POETIC LINES
1311,U.S. GOVT. ABBREV.
1312,THEY ALMOST STARRED IN...
1313,NOTABLE RELATIVES
1314,THE 1970s
1315,CANADIAN PROVINCES
1316,ON THE ROAD
1317,WOMEN IN SPORTS
1318,CATS & DOGS
1319,MULTIPLE CHOICE
1320,7-LETTER WORDS
1321,MOVIE STARS
1322,MUSIC POTPOURRI
1323,ONOMATOPOETIC WORDS
1324,THE PRISONER
1325,SHAKESPEAREAN POTPOURRI
1326,SAINTS ON THE MAP
1327,UNREAL ESTATE
1328,BEASTLY COMMON BONDS
1329,FAMOUS SCIENTISTS
1330,POPE-POURRI
1331,CHEESY COUNTRIES
1332,"""E""ASY DOES IT"
1333,"AN ""F"" IN HISTORY"
1334,STAR TRACK
1335,COW
1336,ON THE PHONE
1337,ANTHROPOLOGY
1338,DOCTORS
1339,BRAZIL
1340,"""F"" WORDS"
1341,GOVERNORS
1342,SONG STANDARDS
1343,ALSO AN AIRLINE
1344,THE INTERNET
1345,CLIMB IT
1346,WHEN THEY WERE YOUNG
1347,THE DREADED SPELLING CATEGORY
1348,TOUGH CAPITALS
1349,IN THE TEENS
1350,SPEAK OF THE DEVIL
1351,STATES' MOST POPULOUS CITIES
1352,19th CENTURY AFRICA
1353,THE NFL
1354,PLAY TIME
1355,BEWITCHED
1356,"THE ""O.C."""
1357,RUSSIAN AROUND
1358,I'LL TAKE MANHATTAN
1359,PUBLISHERS
1360,RECENT FILMS
1361,WORD PUZZLES
1362,AMERICAN PLAYWRIGHTS
1363,CALIFORNIA DREAMIN'
1364,SEASONS
1365,THE NUMBER OF...
1366,NEW HAMPSHIRE
1367,ALL THAT JAZZ
1368,YOU ARE WHAT YOU EAT
1369,PRESIDENTIAL TERMS OF SERVICE
1370,TAKE A LETTER
1371,SCIENCE FICTION
1372,IF THEY MARRIED...
1373,"""F"" STOP"
1374,NEWSPAPERS
1375,21st CENTURY HISTORY
1376,SCIENTIFIC NAMES
1377,TV CARTOONS
1378,CRAFTS
1379,6-LETTER WORDS
1380,HAIRSTYLES
1381,FIRST THINGS FIRST
1382,AMERICA
1383,INVENTORS
1384,STATE PARKS
1385,ALL EARS
1386,AMERICAN ARTISTS
1387,THE END
1388,VWLLSS VGTBLS
1389,"""ER"""
1390,"CROSSWORD CLUES ""L"""
1391,NAME THAT COUNTRY
1392,HISTORIC DOCUMENTS
1393,POLITICAL TERMS
1394,NAME THE YEAR
1395,THE SMALLEST IN AREA
1396,THE ARABIAN NIGHTS
1397,"WHAT'S UP, DUCK?"
1398,"""G"" WHIZ!"
1399,THEATRE TALK
1400,PLANE CRAZY
1401,FASHION HISTORY
1402,"YOU GET AN ""F"""
1403,PRESIDENTIAL PASTIMES
1404,DR. WHO...
1405,BOOKS OF THE BIBLE
1406,CORPORATE AMERICA
1407,THE DECLARATION OF INDEPENDENCE
1408,TRICKY QUESTIONS
1409,DISCOVERY
1410,"SEE ""NN"""
1411,BURIED AT ARLINGTON NATIONAL CEMETERY
1412,AUTHORS & THEIR WORKS
1413,DEATH OF A PRESIDENT
1414,THE FIRST WORD
1415,MOVIE TITLE PAIRS
1416,"""V"" IS FOR..."
1417,COLONIAL AMERICA
1418,AMERICAN ISLANDS
1419,MARINE LIFE
1420,FORMER WORLD LEADERS
1421,STATES BY CITIES & TOWNS
1422,"LITERARY CROSSWORD CLUES ""T"""
1423,MONEY
1424,1968
1425,TRIVIA
1426,INVENTIONS
1427,'80s ROCK
1428,SAY IT IN ENGLISH
1429,COLORADO
1430,TV TITLE PAIRS
1431,WHAT'S MY LINE?
1432,U.S. MUSEUMS
1433,"""W""ORDS"
1434,LITERARY RELATIVES
1435,WASHINGTON STATE
1436,TALES
1437,EMPERORS
1438,BUSINESS & FINANCE
1439,QUOTES
1440,MONTHS
1441,FRENCH WHINES
1442,1820s AMERICA
1443,CAPITAL CITY UNIVERSITIES
1444,"AT THE ""Y"""
1445,PLAYING PRESIDENT
1446,MOUNTAIN
1447,STARTS WITH 2 VOWELS
1448,CURSES
1449,DOUGH!
1450,FOR PETE'S SAKE
1451,WRITERS' MIDDLE NAMES
1452,1812
1453,TAKING STOCK
1454,MEDICINE MEN
1455,APPETIZERS
1456,CITY SEALS
1457,GEOMETRY
1458,STATE LAKES
1459,TV ON TV
1460,CARS
1461,"""TA"" TA FOR NOW"
1462,POP MUSIC RHYME TIME
1463,A COLORFUL CATEGORY
1464,ALLITERATIVE RESPONSES
1465,THE FOOD BUSINESS
1466,FASHION DESIGNERS
1467,AVIATION
1468,SIDEKICKS
1469,THEY USED TO BE IN CHARGE
1470,SOCIAL TYPES
1471,MEDIEVAL TIMES
1472,ALLITERATION
1473,"EAT IT, BEAT IT OR TREAT IT"
1474,NOT TO BE CONFUSED
1475,ARTY FACTS
1476,THE ANSWER LIES WITHIN
1477,THE INSTRUMENT PLAYED
1478,U.S. STAMPS
1479,"""W"""
1480,THE UNITED NATIONS
1481,ROCK & ROLL JEOPARDY!
1482,ANIMAL TALK
1483,NAMES FROM THE PAST
1484,GEMSTONES
1485,SOUNDS
1486,IT'S A DISASTER
1487,PRESIDENTIAL RELATIVES
1488,ANTONYMS
1489,IOWA
1490,ALPHABETICALLY FIRST
1491,WHAT THE TV TITLE MEANS
1492,"4-LETTER ""W""ORDS"
1493,COUNTRIES IN FRENCH
1494,DIRECTORS' FIRST FEATURES
1495,U.S. LAKES & RIVERS
1496,DAY TIME
1497,LET'S EAT
1498,NATION STATION
1499,AFTER THE WHITE HOUSE
1500,NETWORKING
1501,SCIENTISTS & INVENTORS
1502,FAMOUS ARTS
1503,1989
1504,BEST SELLERS
1505,THE GOLDEN GLOBE AWARDS
1506,1889
1507,SPOT THE KITTY
1508,WORD WORDS
1509,"""N"" THE ATLAS"
1510,JAZZ NICKNAMES
1511,TEA TIME
1512,ELECTIONS
1513,"(5,5)"
1514,ILLUSTRATORS
1515,MOVIE NOSTALGIA
1516,LEGAL LINGO
1517,SPELL THE LAST NAME
1518,NAME DROPPING AT THE MALL
1519,COLLEGE KNOWLEDGE
1520,LITERARY LOCALES
1521,"""Q"" ME"
1522,ENTERTAINMENT AWARDS
1523,FIX THE PROVERB
1524,MOVIE QUOTES
1525,THE OLD FARMER'S ALMANAC
1526,NEWER WORDS & PHRASES
1527,A CATEGORY ABOUT NOTHING
1528,GRAB BAG
1529,SLANG
1530,A BEASTLY CATEGORY
1531,THE CRUSADES
1532,GET A GRIP
1533,CHOOSE YOUR WEAPON
1534,MISSING VOWELS
1535,INSIDE THE COUNTRY
1536,AM I BLUE?
1537,IN THE BIBLE
1538,COMPLETES THE PLAY TITLE
1539,PRESIDENTIAL MONOGRAMS
1540,CONAN O'BRIEN
1541,THEIR FIRST NO. 1 POP HIT
1542,AROUND THE HOUSE
1543,2
1544,"""TOUCH"" ME"
1545,GARDENING
1546,FRIENDS
1547,ROMANS
1548,COUNTRYMEN
1549,EUROPEAN ART & ARTISTS
1550,NOT REALLY MARRIED
1551,SPORTSMEN
1552,BOOKS OF THE '70s
1553,PESTS
1554,POT LUCK
1555,THEATRE HISTORY
1556,EDGAR ALLAN POE
1557,CITY SONGS
1558,THEM'S FIGHTIN' WORDS!
1559,SCIENCE HISTORY
1560,LET'S GET SMALL
1561,BODY LANGUAGE
1562,PUT OUT THE CHINA
1563,BRANDS
1564,"THE ""S"" FILES"
1565,HEALTH CARE
1566,TV SITCOMS
1567,PORK PRODUCTS?
1568,LETTERS & NUMBERS
1569,ARCHIPELAGOS
1570,CREATURES OF THE WILD
1571,WOMEN WRITERS
1572,SPORT OF KINGS
1573,DISEASES
1574,LIGHTHOUSES
1575,GENEALOGY
1576,SINGERS' FIRST FILMS
1577,ASIAN CITIES
1578,HISTORICAL OPERAS
1579,BLACK AMERICA
1580,FICTIONAL FEMALES
1581,MUSICAL NUMBERS
1582,FRANKS
1583,PETER
1584,19th CENTURY NOVELS
1585,"A ""MAN""LY CATEGORY"
1586,FEMALE SINGERS
1587,CINCO DE MAYO
1588,PEOPLE & PLACES
1589,PHOTOGRAPHY
1590,SILENT MOVIES
1591,GEOGRAPHIC SAINTS
1592,'60s SITCOMS
1593,TREATIES
1594,"CROSSWORD CLUES ""S"""
1595,RUSSIAN WRITERS
1596,SECRETARIES OF STATE
1597,TV OR NOT TV
1598,STATE CAPITAL NICKNAMES
1599,FAMOUS FACES
1600,CLASSIC LITERATURE
1601,DESIGN
1602,SEAS
1603,FORGOTTEN MUSICALS
1604,EAT YOUR VEGGIES
1605,BEASTLY RHYME TIME
1606,TEXTILES
1607,MEDICAL SPECIALTIES
1608,VERMONT
1609,THE ODYSSEY
1610,TV WESTERNS
1611,MEXICO
1612,MEDALS & DECORATIONS
1613,PIRATES
1614,THE MOON
1615,CRITTERS
1616,"FILE UNDER ""L"""
1617,SNOW WHITE'S UNKNOWN DWARFS
1618,AMERICAN CITIES
1619,1969
1620,THE 18th CENTURY
1621,"""W""RITERS"
1622,HISTORIC FASHION
1623,ANIMAL HOUSE
1624,HOTELS BY CITY
1625,AT THE DRUGSTORE
1626,IN A MUSICAL MOOD
1627,"""C"" HERE"
1628,KNOWN BY THEIR INITIALS
1629,1900
1630,MEDICAL TERMS
1631,IT'S ALL GREEK TO ME
1632,INTERNATIONAL POTPOURRI
1633,NOVELS & NOVELISTS
1634,COUNTRIES
1635,"""C"" WORLD"
1636,A CANDY-GORY
1637,THE QUEEN'S ENGLISH
1638,CELEBRITY ASTROLOGY
1639,"THE ""A"" LIST"
1640,THANKS FOR THE MEMOIRS
1641,AUTHORS ON AUTHORS
1642,DOGS
1643,CELEBRITY BOOKS
1644,EASTERN EUROPE
1645,23 SKIDOO
1646,"GOLLY ""G""!"
1647,-ISMS
1648,QUOTABLE WOMEN
1649,TOM SWIFTIES
1650,HERBS & SPICE GIRLS
1651,TEEN PEOPLE
1652,HOT ENOUGH FOR YOU?
1653,WATCH YOUR TONGUE
1654,SUPERSTITIONS
1655,WORD HISTORY
1656,PLAYS
1657,STATE SEALS
1658,WHAT FOODS THESE MORSELS BE
1659,"""CUS"" WORDS"
1660,LITERARY TRANSLATIONS
1661,MOVIE VILLAINS
1662,ADVERBS
1663,"TENNIS, ANYONE?"
1664,COOKBOOKS
1665,STATES' MEN
1666,LIBROS EN ESPAÑOL
1667,"GIVE AN ""NCH"""
1668,AMERICAN WRITERS
1669,LOGOS
1670,I SPEAK MANY TONGUES
1671,THREE OF A KIND
1672,THE MEXICAN WAR
1673,THE WRITE STUFF
1674,MONDO GEO
1675,KING ME
1676,CELEBRITY ALUMNI
1677,LABOR
1678,QUESTIONS
1679,BIG BOOKS
1680,PRIME MINISTERS
1681,ONLINE LINGO
1682,"""NORTH"" POLL"
1683,BALANCHINE BALLETS
1684,4-LETTER BIRDS
1685,THE 1880s
1686,I'M GAME
1687,QUASI-RELATED PAIRS
1688,I WRITE THE SONGS
1689,AFRICAN CITIES
1690,COLORFUL PEOPLE
1691,ACTORS & ROLE
1692,TRADITIONAL ANNIVERSARY GIFTS
1693,OLD TESTAMENT NAMES
1694,"THE ""L"" YOU SAY"
1695,SEEING RED
1696,"2 ""P""s"
1697,SPORTS SUPERSTARS
1698,CULINARY COMMON BONDS
1699,HELLO KITTY
1700,THE MOST POPULOUS NATION
1701,COURTROOM DRAMAS
1702,DOCUMENTARIES
1703,WORLD POTPOURRI
1704,SEWING
1705,AMERICAN FOOD
1706,TAKE IN ORDER
1707,FAMOUS BUILDINGS
1708,LITERARY HODGEPODGE
1709,ONE-WORD MOVIES
1710,THERE'S A WORD FOR THAT
1711,MOVIE MISSING LINKS
1712,ADVICE
1713,IN THE NEWS 2005
1714,TV ROLES
1715,DAYS OF THE WEEK
1716,"THE ""BUCK"" STOPS HERE"
1717,MUSICAL TERMS
1718,THEATER
1719,NFL LOGOS
1720,AFRICAN HISTORY
1721,YOU CAN QUOTE ME ON THAT
1722,MIKE TV
1723,FUN WITH COLORS
1724,MUSICAL MATTERS
1725,PENNSYLVANIA
1726,ONE WORD OR TWO
1727,THE U.S.
1728,"""O"""
1729,FRENCH LIT
1730,'70s TV
1731,JACKS OF ALL TRADES
1732,TV TITLE REFERENCES
1733,PULITZER PRIZE-WINNING AUTHORS
1734,PRINCE
1735,CHESS
1736,WORLD PRESS
1737,20th CENTURY WOMEN
1738,THE JEOPARDY! TIME MACHINE
1739,WHAT'S THE FREQUENCY?
1740,RHYMES WITH RAIN
1741,B.C. PEOPLE
1742,COLLEGE MOVIES
1743,SHORT FICTION
1744,A PASSION FOR FASHION
1745,MUSIC APPRECIATION
1746,PRESIDENTIAL PETS
1747,THE U.S. CONSTITUTION
1748,GUINNESS WORLD RECORDS
1749,"FILE UNDER ""F"""
1750,LOONEY TUNES
1751,THE PERIODIC TABLE
1752,ENDS WITH THE SAME 2 VOWELS
1753,GOING FOR BAROQUE
1754,HAPPY NEW YEAR
1755,MUSICAL STATES
1756,GET SOME CULTURE
1757,NONPOTENT POTABLES
1758,TIME
1759,BRANDED
1760,MOVIE TAGLINES
1761,ANAGRAMMED CANADIAN CITIES
1762,FITNESS
1763,SANDWICHES
1764,BITS
1765,STUFF
1766,ITALIAN HISTORY
1767,"ENDS IN ""GHT"""
1768,POLITICAL SCIENCE
1769,AFRICAN-AMERICAN LITERATURE
1770,SHELLFISH
1771,1990
1772,NEW ZEALAND
1773,INCREDIBLE EDIBLES
1774,NAME THE ROCKERS
1775,DIRECTORS & THEIR FILMS
1776,"THE OLD COLLEGE ""TRI"""
1777,INSPIRED CHARACTERS
1778,ALL THINGS BRITISH
1779,AROUND THE USA
1780,ANTS
1781,ALPHABET SOUP
1782,THE NATIONAL INVENTORS HALL OF FAME
1783,BORN TO RUN
1784,NECKWEAR
1785,"THE ""ANTI""-CATEGORY"
1786,2-LETTER RESPONSES
1787,OLD HAT
1788,CLASSIC ALBUMS
1789,FOOD FOR THOUGHT
1790,FLOWER POWER
1791,FOLKLORE
1792,TRAVEL EUROPE
1793,SPHERES
1794,NEVADA
1795,COLORFUL BOOKS
1796,"MIND YOUR ""P""s & ""Q""s"
1797,MARINE BIOLOGY
1798,TV SPIN-OFFS
1799,OLYMPIC MASCOTS
1800,NUMERICAL PHRASES
1801,TV INITIALS
1802,"YOU GET A ""D"""
1803,THEY PUT ME ON HOLD AGAIN!
1804,"""POP"" CULTURE"
1805,BEST ACTOR OSCAR WINNERS
1806,GENETICS
1807,SCHOOL MOTTOES
1808,THE SOUTH
1809,KISS
1810,THE FANNIE FARMER COOKBOOK
1811,LITERATI
1812,CLASSIC SITCOMS
1813,JUST CHUTE ME
1814,LITERARY TOURISM
1815,AMERICAN FOLKLORE
1816,1970
1817,AMPHIBIANS
1818,LOVE'S LABOUR'S LOST
1819,SONGS OF THE '60s
1820,THE MIDDLE EAST
1821,AMERICAN NOVELISTS
1822,THE HILLS
1823,"""M"" TV"
1824,READER'S DIGEST
1825,COUNTRY CLUBS
1826,MEASURING UP
1827,DR. SEUSS
1828,OLD TESTAMENT
1829,COLUMNISTS
1830,WHO WROTE IT?
1831,4-SYLLABLE WORDS
1832,VS.
1833,THE WORLD
1834,DISCOVERIES
1835,ENDS WITH THE SAME 2 LETTERS
1836,LET'S GET MARRIED
1837,SPORTS STARS
1838,A LITTLE LIT
1839,TOUGH CAPITAL CITIES
1840,BRITISH ROYALTY
1841,YEARS
1842,EXPRESS YOURSELF
1843,FLYBOYS
1844,"""S""-ENTIAL KNOWLEDGE"
1845,PRIMATES
1846,9-LETTER WORDS
1847,THE SOUTHERNMOST CAPITAL CITY
1848,NANCY
1849,THEY SAID IT
1850,19th CENTURY AMERICANS
1851,TV NOSTALGIA
1852,CABLE TV
1853,TRACK & FIELD
1854,TOYS & GAMES
1855,1960
1856,ORES
1857,SALAD
1858,"""IN"" THE MOVIES"
1859,COUNTRY RHYME TIME
1860,COLLEGE TOWNS
1861,"""C"" DUTY"
1862,ALLITERATIVE AUTHORS
1863,MODERN HISTORY
1864,SPEAKING IN TONGUES
1865,AKA
1866,JINGLES ALL THE WAY
1867,2011 NEWS
1868,THE WILD WEST
1869,SIMPLY SIMON
1870,19th CENTURY SCIENCE
1871,FAMILIAR EXPRESSIONS
1872,SOUNDS GOOD TO ME
1873,1995
1874,A SEEDY CATEGORY
1875,SUITE TALK
1876,CLASSIC CARTOON CHARACTERS
1877,BIRD WORDS & PHRASES
1878,WORDS FROM PLACES
1879,POETS' MONOGRAMS
1880,"FILE UNDER ""H"""
1881,HOOKED ON PHOENIX
1882,'60s ROCK
1883,YANKEE INGENUITY
1884,'60s TV
1885,HERSHEY'S
1886,LOOK WHO'S TALKING
1887,JOHN TRAVOLTA FILMS
1888,TV
1889,NASCAR SPONSORS
1890,DOUBLE D WORDS
1891,DOWN UNDER
1892,FILMS OF THE '80s
1893,DEMOCRATS
1894,ANCIENT GREECE
1895,RADIO HEROES
1896,TRAINS
1897,MISS MANNERS' MANNERS
1898,CATCHPHRASES
1899,ALL MY CHILDREN
1900,"WATER, WATER EVERYWHERE"
1901,FILM STARS
1902,BEHIND BARS
1903,'90s SITCOMS
1904,IT'S A DOG'S LIFE
1905,THAT'S SO CLICHE!
1906,ITALIAN COMPOSERS
1907,BRITISH ART & ARTISTS
1908,CELEBRITY LIVES
1909,A DATE WITH HISTORY
1910,"""Z"" END"
1911,PROHIBITION
1912,COUNTRY SINGERS
1913,AROUND THE MEDITERRANEAN
1914,MTV
1915,"WELL, EXHUME ME!"
1916,ANAGRAMMED U.S. CITIES
1917,JEOPARDY! PLACE
1918,QUOTATIONS FROM BARTLETT'S
1919,LITERARY ANALYSIS
1920,STATE SONGS
1921,DENTISTRY
1922,FAMILY FILMS
1923,NOVEL VOCABULARY
1924,POLITICAL LINGO
1925,KEEP THE FAITH
1926,1980s BESTSELLERS
1927,"MARTIN LUTHER KING, JR."
1928,OLD MOVIES
1929,"BEGINS & ENDS WITH ""N"""
1930,NUMBER PLEASE
1931,"""UP"" WORDS"
1932,GOD
1933,SPORTS VENUES
1934,SPECIAL DAYS
1935,PREHISTORIC TIMES
1936,EGYPT
1937,A.K.A.
1938,AMERICAN REVOLUTION
1939,SPORTS STADIUMS
1940,FINE CHINA
1941,MAN IN SPACE
1942,BEN & JERRY'S FLAVORS
1943,2001
1944,"3 ""T""s"
1945,"CROSSWORD CLUES ""C"""
1946,NBA TEAMS IN OTHER WORDS
1947,EXPLORERS & EXPLORATION
1948,"""D"" DAY"
1949,NEW YORK IN THE MOVIES
1950,HISTORIC BATTLES
1951,5-SYLLABLE WORDS
1952,DISNEY DOGS
1953,THE BOY SCOUTS
1954,BRIEF BIOS
1955,Q WITHOUT U
1956,NOBEL PRIZE WINNERS
1957,FRENCH CROSSWORD CLUES
1958,THE SUPER BOWL
1959,ANCIENT CIVILIZATIONS
1960,REALLY GRIMM FAIRY TALES
1961,THE QUESTION IS...
1962,ASIAN HISTORY
1963,FAMOUS RAYS
1964,ESSAYS
1965,LIVING THINGS
1966,"MAY I HAVE A WORD WITH ""U""?"
1967,LENIN
1968,McCARTNEY
1969,"""I"" ON THE WORLD"
1970,PLUMBING
1971,MEN OF SCIENCE
1972,FILL IN THE TITLE
1973,LEGAL TERMS
1974,ANIMAL FARM
1975,COLLEGE COLLAGE
1976,ISLAND COUNTRIES
1977,IT'S ALL A PLANT
1978,MOVIE TITLE NAMES
1979,"JUST SAY ""NO"""
1980,THE THIRD WORLD
1981,LYRICS
1982,COUNTIES
1983,POLITICAL NICKNAMES
1984,COLLEGES
1985,ASSASSINATIONS
1986,THE CARIBBEAN
1987,ECONOMICS
1988,WOMEN NOVELISTS
1989,LET'S RUN IT UP THE FLAGPOLE
1990,POP QUIZ
1991,THE 10 COMMANDMENTS
1992,"NEXT IN LINE, PLEASE"
1993,BAD NEWS
1994,ADVERTISING
1995,THE SOUTHERN HEMISPHERE
1996,CAN I GET YOUR NUMBER?
1997,CLASSIC DRAMA SERIES EPISODES
1998,PAINTINGS
1999,CLASSIC SITCOM EPISODES
2000,"WHAT THE ""H"" IS IT?"
2001,EUROPEAN CAPITALS
2002,NOTABLES RHYME TIME
2003,COSMOPOLITAN
2004,TV GUIDE
2005,IN THE NEWS
2006,INVERTEBRATES
2007,SHE WAS IN THAT?
2008,CONTEMPORARY NOVELISTS
2009,IN MY CABINET
2010,ENDS IN AN F SOUND
2011,GROUPS
2012,EPONYMOUS SCIENCE
2013,ADD A LETTER
2014,THE 1850s
2015,EURO COINS
2016,CHARACTERS IN PLAYS
2017,BEATLES LYRICS
2018,NUMB WITH NUMBERS
2019,ROLE PLAYING
2020,"THE COURAGE TO ""B"""
2021,COLLEGE ATHLETICS
2022,"IT'S ALL ABOUT ""U"""
2023,HIT SONGS
2024,20th CENTURY SPORTS
2025,THEY NAMED IT FOR ME
2026,ELEMENT NAMES
2027,COLLEGE HODGEPODGE
2028,STATE NICKNAMES
2029,LIGHTS!  CAMERA!  ACTION MOVIE!
2030,"""V"" SHALL SEE"
2031,CITY NICKNAMES
2032,SONGS OF THE '60S
2033,MEDICAL HISTORY
2034,MUSHROOMS
2035,IS THERE A DOCTOR IN THE HOUSE?
2036,'70s SONGS
2037,GEMS & JEWELS
2038,"""C"" IN GEOGRAPHY"
2039,HAIL TO THE CHIEF
2040,FILMS OF THE '70s
2041,VEGETARIAN CUISINE
2042,LITERARY LINGO
2043,WOMEN IN GOVERNMENT
2044,REVOLUTIONS
2045,MEXICAN GEOGRAPHY
2046,"10-, 11- & 12-LETTER WORDS"
2047,SALT
2048,AIRLINE CODES
2049,AMERICAN POETRY
2050,THE LIBERTY BELL
2051,THE ROARING '20s
2052,BRIT SPEAK
2053,CANADA
2054,SNAKES
2055,OPERAS BY CHARACTER
2056,INITIALLY YOURS
2057,FROM HERE TO MATERNITY
2058,NEW YORK CITY
2059,CLEAN 4-LETTER WORDS
2060,BEST ORIGINAL SCREENPLAY
2061,LITERARY TRILOGIES
2062,THE FAR EAST
2063,"CROSSWORD CLUES ""V"""
2064,NUCLEAR ENERGY
2065,ANATOMICAL ETYMOLOGY
2066,LAKE CITY
2067,EUROPEAN AUTHORS
2068,FAMOUS FIRSTS
2069,THE ART WORLD
2070,FUN WITH WORDS
2071,INDIANS
2072,SHAKESPEAREAN TRIVIA
2073,CALL ME SMITTY
2074,GREEK ALPHABET SOUP
2075,JEOPORTMANTEAU!
2076,19th CENTURY NAMES
2077,TENNIS TALK
2078,BEFORE HE WAS PRESIDENT
2079,"""C""OUNTRIES"
2080,LITERARY THEATRE
2081,HUMOROUS QUOTES
2082,THE YEAR THAT WAS
2083,CHINA
2084,HE WAS PRESIDENT WHEN...
2085,FILMOGRAPHIES
2086,"RIGHT ON ""Q"""
2087,A LITTLE DICKENS
2088,TEXAS
2089,EVERYONE'S A CRITIC
2090,DINING OUT IN EUROPE
2091,HORRORS!
2092,LITERARY POTPOURRI
2093,WHERE ARE WE?
2094,FILMS OF THE '90s
2095,BOSTON
2096,SHOPPING
2097,THE 17th CENTURY
2098,QUEENS
2099,QUOTABLE CINEMA
2100,PEOPLES
2101,AUTHORS' ODD JOBS
2102,THE REEL WORLD
2103,MY FAVORITE FILMS
2104,TOUGH TV
2105,UNDER THE MICROSCOPE
2106,YOU'RE A BEAST!
2107,"""OVER"" & ""OUT"""
2108,HERO SANDWICH
2109,FOOD & DRINK BRANDS
2110,19th CENTURY PEOPLE
2111,EARLY MAN
2112,WE'RE NO. 1!
2113,THE VIETNAM WAR
2114,STOP THAT RACKET!
2115,ANIMALS IN LITERATURE
2116,CHESS NUTS
2117,RESCUE ME
2118,JUDGES
2119,JOB
2120,ANAGRAMMED FOOD & DRINK
2121,A KITTY CAT-EGORY
2122,WHERE THE WILD THINGS ARE
2123,FOOD WORDS & PHRASES
2124,CATHEDRALS & CHURCHES
2125,17th CENTURY AMERICA
2126,ASIAN AMERICANS
2127,MUSIC & LITERATURE
2128,HISTORIC SHIPS
2129,THE COLD WAR
2130,MARXISMS
2131,MICHELLE PFEIFFER PFILMS
2132,CANADIAN HODGEPODGE
2133,SPORTS STUFF
2134,STATE MOTTOES
2135,MAN-AGRAMS
2136,NATIONAL RHYME TIME
2137,ALL THINGS JAPANESE
2138,PILLOW TALK
2139,THINK PINK
2140,CATS
2141,WAY TO GO
2142,ALL ABOUT ANIMALS
2143,BIBLICAL PEOPLE
2144,BORN FIRST
2145,TEEN CUISINE
2146,MARSUPIALS
2147,"WHO THE ""H"" ARE YOU?"
2148,JACKIE ROBINSON
2149,NAME THAT BOOK
2150,GERMAN LITERATURE
2151,THE DONALD
2152,THEATRICAL ANGELS
2153,"""BLUE"" MOVIES"
2154,THE 4 SEASONS
2155,FICTIONAL SERVANTS
2156,COMPANY SYMBOLS
2157,THE BEATLES
2158,THE OLYMPICS
2159,RULERS
2160,"BIOLO""G"""
2161,AMERICA BEFORE THE REVOLUTION
2162,PRESIDENTIAL FACTS
2163,'70s MUSIC
2164,TITLE FILM FOLK
2165,MYTHOLOGICAL WORDS & PHRASES
2166,THE PLAY'S THE THING
2167,CHICK FLICKS
2168,THROWING THE BOOK AT YOU
2169,ENDS WITH 2 VOWELS
2170,IT'S A BIRD!
2171,IT'S A PLANE!
2172,UP IN THE SKY!
2173,LOOK!
2174,"""WORD"" PLAY"
2175,RECENT CINEMA
2176,JACK NICHOLSON
2177,BOOK DEDICATIONS
2178,EUROPEAN CITIES
2179,FROM A TO Y
2180,ROCK GROUPS
2181,CHICAGO
2182,THE CARS
2183,THE MAMAS & THE PAPAS
2184,MATHEMATICS
2185,MONSTER MASH
2186,I KNOW WHAT YOU DID LAST SUMMER
2187,PALINDROMES
2188,THE PREZ SAYS
2189,FAMOUS FEMALES
2190,1980s MUSIC
2191,MOVIE ROLES
2192,NATIONAL NAMES
2193,AUTOBIOGRAPHIES
2194,REMEMBER THE '80s?
2195,AS MOM SAYS...
2196,COMPUTER LITERACY
2197,19TH CENTURY AMERICA
2198,TECH-KNOW
2199,WATER UNDER THE BRIDGE
2200,ART & MUSIC
2201,MOVIE CLASSICS
2202,"""O"" NO!"
2203,FORESTS
2204,FOR GOOD MEASURE
2205,"""TOC"""
2206,THEIR NATIVE SOIL
2207,YOU'RE HISTORY!
2208,BEVERAGE BRANDS
2209,AMERICAN ART & ARTISTS
2210,AMERICAN POETS & POETRY
2211,"""M""ENAGERIE"
2212,'60s SONGS
2213,FOREIGN WORDS
2214,"FISH, BIRD OR MAMMAL"
2215,FUN WITH NUMBERS
2216,GERMAN WORDS & PHRASES
2217,PROVINCES
2218,TRAVEL U.S.A.
2219,CHARACTERS IN DISNEY FILMS
2220,ON THE MONEY
2221,BODY WORKS
2222,"""J"" WALKING"
2223,PUDDING
2224,"""F"" IN GEOGRAPHY"
2225,TAKE ME TO YOUR LEADER
2226,"MEN OF THE ""C"""
2227,THE BROWNS
2228,OCCUPATIONAL NAMES
2229,ABBR.
2230,ACTS
2231,BONES
2232,NATIONAL HISTORIC LANDMARKS
2233,MEN & WOMEN OF LETTERS
2234,THAT '70s SHOW
2235,SOUNDS ALL AROUND
2236,FOREVER 39
2237,"""B"" BRAVE"
2238,SPORTS RECORDS
2239,PEOPLE IN THE NEWS
2240,ON WISCONSIN
2241,INDIANA JONES
2242,IT'S A MYSTERY
2243,RELIGIOUS LEADERS
2244,DEM BONES
2245,CIRCUS TALK
2246,THE NEW YORK TIMES MOVIES
2247,SCHOOL OF ROCK
2248,PARENTING
2249,15 MINUTES OF FAME
2250,SHAKESPEARE'S FILMS
2251,BIG SCREEN BRAINBUSTERS
2252,BASKETBALL
2253,NAME THAT MOVIE
2254,ALL ABOUT AUTHORS
2255,OOPS!
2256,THE 1920s
2257,MEET THE BEETLES
2258,LANDLOCKED COUNTRIES
2259,ITALIAN ART & ARTISTS
2260,"MOVIE CROSSWORD CLUES ""M"""
2261,LAST BUT NOT LEAST
2262,ANCIENT GREEK DRAMA
2263,ENGLAND
2264,SCOTT LAND
2265,BOOKS' SUBTITLES
2266,GODS & GODDESSES
2267,PARTS
2268,IRISH HISTORY
2269,U.S. UNIVERSITIES
2270,"OH, HELL!"
2271,HORSING AROUND
2272,CHRISTMAS
2273,ANGEL
2274,WHOSE LINE IS IT ANYWAY?
2275,LAW & ORDER
2276,U.S. MONEY
2277,OHIO
2278,PULP FICTION
2279,DIRECT TV
2280,BOOK ENDS
2281,STARTS WITH A PAST TENSE VERB
2282,THE RAVEN
2283,"I LIKE ""IKE"""
2284,BRITISH POETS
2285,SHORT STORY WRITERS
2286,WHAT ARE YOU AFRAID OF?
2287,LATIN
2288,FICTIONAL DETECTIVES
2289,POPULATIONS
2290,ALLITERATION ALL AROUND
2291,WITCHCRAFT
2292,FRANK SINATRA
2293,FRENCH CUISINE
2294,THE BRAIN
2295,PRO FOOTBALL
2296,"""M""-BRACE ME"
2297,19th CENTURY WOMEN
2298,SUE GRAFTON'S ALPHABET MYSTERIES
2299,I THEE WED
2300,ANNIVERSARIES
2301,ACTRESS-DIRECTORS
2302,COUNTRIES' HIGHEST POINTS
2303,SUFFIXES
2304,TOOLS OF THE TRADE
2305,SCIENCE NEWS
2306,CLASSIC MOVIES
2307,VARMINTS
2308,HOMECOMING
2309,1953
2310,"""EAST"""
2311,U.S. STATE NAMES
2312,ON VALENTINE'S DAY
2313,IT'S A SMALL WORLD
2314,SHARK!
2315,BY THE NUMBERS
2316,LAND FORMATIONS
2317,1966
2318,HOT MOVIES
2319,THE 20TH CENTURY
2320,AMERICAN HERITAGE DICTIONARY PREFERRED PLURALS
2321,SITCOMS BY EPISODE
2322,THE STAR-SPANGLED BANNER
2323,TITLE ROLE PLAYING
2324,EARTH SCIENCE
2325,THE BRITISH INVASION
2326,"CROSSWORD CLUES ""I"""
2327,THE THIRD CATEGORY
2328,"ON THE ""GO"""
2329,COLOMBIA
2330,NOVEL TRILOGIES
2331,CONQUERORS
2332,COMMUNICATIONS
2333,SHAKESPEAREAN 1ST LINES
2334,AMERICAN RELIGION
2335,POP-ROCK
2336,BEER
2337,TOUGH GEOGRAPHY
2338,SINGING ACTORS
2339,THE RUSSIANS ARE COMING!
2340,OFFICIAL STATE STUFF
2341,FIX THE SPOONERISM
2342,MOVIES ABOUT THE MOVIES
2343,THE THEATRE
2344,TV TEENS
2345,1994
2346,"""N"" THE DICTIONARY"
2347,THE STONES
2348,U2
2349,1970s TV
2350,RECORD LABELS
2351,NEW YORK CITIES
2352,THE QUOTABLE CHURCHILL
2353,WHAT'S THAT ON YOUR HEAD?
2354,FOOD SCIENCE
2355,SILENT-LETTERED WORDS
2356,LAKES
2357,PALINDROMIC WORDS
2358,STORMY WEATHER
2359,PAUL REVERE
2360,LIKE AN ANIMAL
2361,DAVY CROCKETT
2362,RESORTS
2363,LIVRES EN FRANCAIS
2364,NAMES OF THE '60s
2365,THE LARGEST U.S. STATE
2366,NAMES
2367,THE WHITE HOUSE
2368,HOLLYWOOD SQUARES
2369,SUPERMARKET SWEEP
2370,TRUSTY SIDEKICKS
2371,A CHRISTMAS SONGBOOK
2372,TRIOS
2373,BIOGRAPHY
2374,NAUTICAL TERMS
2375,PACIFIC ISLANDS
2376,HARRISON FORD
2377,FAMOUS NICKNAMES
2378,COUPLES
2379,THE 13 COLONIES
2380,HISTORICAL NOVELS
2381,THE NATURE OF THE BEAST
2382,MY HEAVENS!
2383,RAISE YOUR GLASSES
2384,LITERARY HEROINES
2385,FIRST AID
2386,NATIONAL BOOK AWARD WINNERS
2387,WHICH CAME FIRST?
2388,BEFORE & AFTER AT THE MOVIES
2389,BEYOND BELIEF
2390,SCREENWRITERS
2391,FAMOUS PHYSICIANS
2392,DIAMONDS ARE FOREVER
2393,ANIMAL COMMON BONDS
2394,"""P""s TIME"
2395,GERMAN COMPOSERS
2396,GLASS
2397,"""MAN""LY MOVIES"
2398,THE STARS
2399,SATURDAY NIGHT LIVE
2400,GOLF
2401,IRELAND
2402,DESPOTS & DICTATORS
2403,THE SIMPSONS
2404,IT'S NOT ALEX TREBEK
2405,"OSCAR, GRAMMY OR BOTH"
2406,IT'S A GAS
2407,IF YOU BUILD IT...
2408,LESSER-KNOWN ANCIENT ROMANS
2409,PENINSULAS
2410,MEN ON FILM
2411,GEORGIA
2412,MORE CELEBRITY RHYME TIME
2413,1980s LIT
2414,"""PEN"" PALS"
2415,"""M.J."""
2416,BOOZE-A-PALOOZA
2417,"""B"" SHARP"
2418,LITERARY SETTINGS
2419,TAX TIME
2420,THE 1840s
2421,ARTISTS & THEIR SUBJECTS
2422,MOVIES IN BLACK & WHITE
2423,THE WORLD ALMANAC AND BOOK OF FACTS
2424,"""A"" IN GEOGRAPHY"
2425,YANKEE MAGAZINE
2426,INDIANA
2427,MOVIES
2428,THE PIANO
2429,1982
2430,INTERNATIONAL ACTORS
2431,AUTHORS' NATIVE LANDS
2432,THEME PARK FUN
2433,WHEN THEY WERE TEENAGERS
2434,BACK TO SCHOOL
2435,PLAY BALL!
2436,ISLANDS OF THE SOUTH PACIFIC
2437,"""C"" IN SHAKESPEARE"
2438,COUNTRIES BY REGION
2439,KITTY LIT
2440,PRESIDENTIAL LAST NAMES
2441,DIRTY ROTTEN SCOUNDRELS
2442,"PLANES, TRAINS & AUTOMOBILES"
2443,ALL ABOUT PRESIDENTS
2444,"OH, WHAT A YEAR!"
2445,"TO A ""T"""
2446,RELIGIOUS HISTORY
2447,PRESIDENTIAL COUPLES...NOT!
2448,"""NEW"" PLACES"
2449,CLASSIC TV CATCHPHRASES
2450,ETYMOLOGY
2451,"NEW YORK, NEW YORK"
2452,DUBLINERS
2453,"STARTS & ENDS WITH ""A"""
2454,PREMIERE
2455,TIME'S MAN OF THE YEAR
2456,BREAK OUT THE ATLAS
2457,19th CENTURY LITERARY CHARACTERS
2458,SEA CREATURES
2459,"MOVIE CROSSWORD CLUES ""G"""
2460,SEAFOOD
2461,CELEBRITY AUTHORS
2462,THE 1880S
2463,FISH
2464,THE FRENCH REVOLUTION
2465,18th CENTURY LITERATURE
2466,LAWS
2467,HODGE PODGE
2468,CAMERAS
2469,FASHION STATEMENTS
2470,HOT WHEELS
2471,PERSONAL PRODUCTS
2472,NAME THAT FLICK
2473,MEAT & POTATOES
2474,HITHER & YON
2475,ROCK & ROLL
2476,"""S"" & ""M"""
2477,DUOS
2478,WHAT'S YOUR SIGN?
2479,TEXT MESSAGING
2480,FEET
2481,STATE SONGS?
2482,NEWSMAKERS
2483,THE ARMED FORCES
2484,"WHERE'S THE ""FIRE""?"
2485,FOREIGN ANATOMY
2486,WORLD CURRENCY
2487,20th CENTURY AMERICA
2488,1981 MOVIES
2489,SLEEP
2490,FORMER CAPITALS
2491,TERMS OF ENDEARMENT
2492,"""E""-MALE"
2493,U.S. CITY HISTORY
2494,10-HUT!
2495,"""C"" FOOD"
2496,CHICKS RULE!
2497,SEA LIFE
2498,"THE ""N"" CROWD"
2499,ANIMALS IN ITALIAN
2500,"""BIG"" STUFF"
2501,BUSINESS LETTERS
2502,"SPECIAL ""K"""
2503,BASEBALL NICKNAMES
2504,SLANGUAGE
2505,CENTRAL AMERICA
2506,LEGENDS
2507,OPRAH'S BOOK CLUB
2508,HOW SOON WE FORGET
2509,ITALIAN FOOD
2510,CANADIAN CITIES
2511,FILM DIRECTORS
2512,CONTEMPORARIES
2513,MOVIES BY QUOTE
2514,WE LOVE THE THEATRE
2515,1997
2516,ROCKET SCIENCE
2517,WOMEN RULE!
2518,CLIFFS NOTES
2519,CAPITAL TOURISM
2520,1980s TV
2521,20th CENTURY ART
2522,THE NEW YORK TIMES OBITUARIES
2523,HE'S MY VICE PRESIDENT!
2524,REVOLUTIONARIES
2525,WHAT AM I AFRAID OF?
2526,VIRGINIA WOOLF
2527,ROBERTS RULE
2528,"ENDS IN ""X"""
2529,HEALTH MATTERS
2530,GET A JOB
2531,MIND YOUR BUSINESS
2532,____ OF ____
2533,MULTIPLE MEANINGS
2534,WHERE ARE THEY NOW?
2535,I'LL HAVE SECONDS
2536,NEW TESTAMENT QUOTES
2537,"ENDS IN ""SS"""
2538,SILVER
2539,IN THE CABINET
2540,MYTH-ELLANY
2541,PRESIDENTIAL QUOTATIONS
2542,GENERALS
2543,FOOD STUFF
2544,ANIMAL ANAGRAMS
2545,WHO'S YOUR DADDY?
2546,I DO KNOW JACK
2547,OUR FEATHERED FRIENDS
2548,PLAY
2549,THE IVY LEAGUE
2550,CANDY IS DANDY
2551,THE LANGUAGE OF LOVE
2552,IT'S ELEMENTAL
2553,8-LETTER WORDS
2554,ANIMAL YOUTH
2555,DINOSAURS
2556,WOMEN OF COUNTRY
2557,LATIN CLASS
2558,MSSNG VWLS
2559,ROMANIA
2560,WOMEN IN SONG
2561,GRAMMAR
2562,5 PEOPLE WHO'VE NEVER BEEN IN MY KITCHEN
2563,POP SINGERS
2564,_____ OF _____
2565,TENNIS
2566,"""P""EOPLE"
2567,RECORD ALBUMS
2568,YE GODS!
2569,BUSINESS PAIRINGS
2570,SILENT B
2571,MOVIE PORTRAYALS
2572,THINKERS
2573,ELEMENTAL RHYME TIME
2574,MORE THAN ONE MEANING
2575,ATHLETES
2576,YULETIDE FAVORITES
2577,"HELLO, DALAI"
2578,NOW THAT'S COMEDY
2579,COSMETICS & PERFUME
2580,20th CENTURY LIT
2581,TV SERIES FINALES
2582,THE NORTHERNMOST NATION
2583,BITS & PIECES
2584,POP LIT
2585,EARLY AMERICAN HISTORY
2586,LITERARY E-MAIL ADDRESSES
2587,SUGAR
2588,IT'S A GROUP THING
2589,THE NEW YORK TIMES HEADLINES
2590,BEVERAGES
2591,'80s TV
2592,CAPITAL RIVERS
2593,THAT'S ENTERTAINMENT
2594,LEADERS OF WORLD WAR II
2595,"BEFORE, DURING & AFTER"
2596,AFRICAN CAPITALS
2597,-ISMs
2598,AMERICAN LIT
2599,FILL IN THE (BLANK)
2600,U.S. COUNTIES
2601,BRITISH LITERATURE
2602,OLD TESTAMENT WOMEN
2603,BASEBALL HALL OF FAMERS
2604,LAW
2605,WHERE AM I?
2606,THROUGH THE LOOKING-GLASS
2607,BIG WORDS
2608,MOVIE LOCATIONS
2609,'60s NO. 1 HITS
2610,GENUS I.Q.
2611,SPOT THE POOCH
2612,HOLD IT!
2613,BEASTLY WORDS & PHRASES
2614,IT'S A CRIME!
2615,"OPERA, LIKE IT OR NOT"
2616,"RODENT, MARSUPIAL OR PRIMATE"
2617,THE BLUES
2618,ASSUME THE POSITION
2619,JAPANESE HISTORY
2620,TEAM PLAYERS
2621,SPORTS RHYME TIME
2622,STEPHEN KING
2623,IT'S MY PARTY
2624,ECOLOGY
2625,THE '60s
2626,GAME SHOW HOSTS
2627,THE NATIONAL PASTIME
2628,TIME FOR A ROUND OF GOLF
2629,I WAS HIS VEEP
2630,FLYING
2631,"PUT ME IN, COACH!"
2632,CLASSIC TV DRAMA EPISODES
2633,"IT'S AUSTRALIA, MATE"
2634,JUDAISM
2635,BATTLE STATIONS
2636,FOREIGN STATES
2637,I'M AN ANIMAL
2638,MONKEY BUSINESS
2639,THE 1800S
2640,"""D"" TALKS"
2641,BAND DEBUTS BY DECADE
2642,BIBLICAL ART
2643,MOVIE REMAKES
2644,DINING OUT
2645,BOTTOMS UP
2646,INSURANCE
2647,VEGETABLES
2648,CIVIL WAR GENERALS
2649,THE DA VINCI CODE
2650,CLASSIC TV THEME SONGS
2651,TALL BUILDINGS
2652,"""M"" & EMMYS"
2653,PROVERBIALLY SPEAKING
2654,AMERICAN DRAMATISTS
2655,GOING TO THE DOGS
2656,WHEEL OF JEOPARDY!
2657,INSTRUMENTAL
2658,NATIVE AMERICAN TRIBES
2659,"10-LETTER ""W""ORDS"
2660,CONTINENTS BY VOLCANO
2661,OFFICIAL STATE SEALS
2662,BEASTLY LIT
2663,MISHEARD LYRICS
2664,EUROPEAN CUISINE
2665,I'VE WON AN OSCAR & AN EMMY
2666,"AN ""A"" IN SCIENCE"
2667,NAME THAT TOON
2668,LONDON LANDMARKS
2669,COMMUNICATION
2670,MIND YOUR OWN BUSINESS
2671,GRAMMY-WINNING COMEDY ALBUMS
2672,PRESIDENTIAL CAMPAIGN SLOGANS
2673,KNOCK U OUT
2674,MUSIC ON THE MAP
2675,FUN WITH THE PERIODIC TABLE
2676,APPROXIMATE WEIGHTS & MEASURES
2677,THE 1940s
2678,GIRL GROUPS
2679,HISTORIC GEOGRAPHY
2680,"""U""2"
2681,2001: A SPORTS ODYSSEY
2682,DECORATIVE ARTS
2683,SIR ARTHUR CONAN DOYLE
2684,WHATEVER
2685,COUNTRIES BY NEWSPAPER
2686,THE FICTION FILE
2687,LOST ART
2688,POSSESSIVE LIT
2689,CALIFORNIA CITIES
2690,MONEY & FINANCE
2691,WHAT'S THE PITCH?
2692,BLONDIE
2693,TALKING HEADS
2694,NAME THE PLAYWRIGHT
2695,POP & ROCK GROUPS
2696,THE 11th CENTURY
2697,PROPER NAMES
2698,CHAMBER MUSIC
2699,HISTORIC HOMES
2700,"""H""EALTH & MEDICINE"
2701,19th CENTURY AMERICAN LIT
2702,"""O"" YES!"
2703,TV CATCHPHRASES
2704,THE JETS
2705,THE CONTINENT...
2706,GOOD DOGGIE
2707,RABBIT
2708,MYTHOLOGICAL WOMEN
2709,THE BILL OF RIGHTS
2710,CLICHES
2711,AMERICAN HODGEPODGE
2712,FOREIGN CUISINE
2713,SEPTEMBER 1984
2714,JAZZ
2715,DROP A LETTER
2716,THE INDIAN OCEAN
2717,GILBERT & SULLIVAN
2718,PEOPLE WITH MUPPET NAMES
2719,CHICKEN SOUP
2720,THE WEATHER CHANNEL
2721,THE BIRD IS THE WORD
2722,SPORTS TROPHIES
2723,OLD NAMES ON THE MAP
2724,AQUATIC LIFE
2725,INTO AFRICA
2726,BASEBALL ROOKIES OF THE YEAR
2727,EUROPEAN ARTISTS
2728,ELEMENTAL LATIN
2729,LET'S GET TOGETHER
2730,"""Y"" IS THE ONLY VOWEL"
2731,WAR STARS
2732,GOLDEN OLDIES
2733,THINK TWICE
2734,COCKNEY RHYMING SLANG
2735,LATIN AMERICAN HISTORY
2736,AIRPORTS
2737,ELECTRICITY
2738,"""C"" YOU AT THE MOVIES"
2739,REDHEADS
2740,BLUE LITERATURE
2741,GRAY MATTERS
2742,COLORFUL PHRASES
2743,WORD LORE
2744,THINK FAST
2745,19th CENTURY OPERA
2746,BROADWAY DEBUTS
2747,ANCIENT GREEK WRITERS
2748,SAY CHEESE!
2749,"SCIENC""E"""
2750,COMPANY NAME ORIGINS
2751,TROUBLE
2752,THE GOOD BOOK
2753,____ & ____
2754,SCIENCE GLOSSARY
2755,SIBLING REVELRY
2756,THE GOOD LIFE
2757,THE VIKINGS
2758,RELIGIOUS MATTERS
2759,"""C"" IN SCIENCE"
2760,BATTLE CRIES
2761,WHAT CITY ARE WE IN?
2762,PSYCHOBABBLE
2763,A FEW GOOD MEN
2764,MAGAZINES & NEWSPAPERS
2765,AN ACTOR'S LIFE FOR ME
2766,RECENT BOOKS
2767,BETTER KNOWN AS
2768,LOOK OUT BELOW!
2769,WRITERS AT REST
2770,"WHAT UP, ""G""?"
2771,DIRTY 4-LETTER WORDS
2772,LIONS
2773,LET THERE BE LIFE
2774,CINDERELLA
2775,"ENDS IN ""O"""
2776,SECOND-LARGEST CITIES
2777,I FORGET
2778,HISTORIC PLACES
2779,NAMES IN NATURE
2780,1945
2781,FATHERLY NICKNAMES
2782,"WELL, DUH!"
2783,"GET A ""CL""UE!"
2784,DANCERS
2785,DON'T LISTEN TO THEM!
2786,WHO
2787,WHERE
2788,WHEN
2789,GOLD
2790,BREAD
2791,SITCOMS
2792,URBAN DICTIONARY LINGO
2793,MONTANA
2794,HIGHER EDUCATION
2795,WE MEAN BUSINESS
2796,SALUTE THE FLAG
2797,THE ART OF WAR
2798,CELEBRITY ODD JOBS
2799,NOVEL CHARACTERS
2800,POLITICAL QUOTES
2801,HISTORICAL PAINTINGS
2802,TRIBUTE ALBUMS
2803,SHAPE UP
2804,LET'S GET BIBLICAL
2805,OCTOBERFEST
2806,2 WORDS IN ONE
2807,SHOP 'TIL YOU DROP
2808,PAY UP!
2809,BRITANNICA
2810,MUSEUMS BY CITY
2811,ERNEST HEMINGWAY
2812,"""S""CIENCE"
2813,APPLES
2814,TITLES
2815,COOKING EQUIPMENT
2816,ASTRONOMY & SPACE
2817,OPERETTAS
2818,PLACES IN THE NEWS
2819,STATES' LOWEST POINTS
2820,TV PILOTS
2821,ANIMAL QUOTES
2822,VIDEO GAMES
2823,"CROSSWORD CLUES ""O"""
2824,MEDICAL ABBREV.
2825,WASHINGTON
2826,"""D.C."""
2827,FIRST CLASS
2828,COACH
2829,"ENDS IN ""I"""
2830,OPTICS
2831,AMERICAN MUSEUMS
2832,"ON ""Q"""
2833,DAIRY PRODUCTS
2834,COLORFUL WORDS & PHRASES
2835,WORLD OF AUTHORS
2836,INTERNATIONAL AIRPORT CODES
2837,A NIGHT AT THE OPERA
2838,ANIMAL WORDS & PHRASES
2839,MILITARY MEN
2840,BIBLICAL WOMEN
2841,MUSIC TO MY EARS
2842,20th CENTURY FOOD
2843,RONALD REAGAN
2844,AROUND NEW YORK
2845,CAN I BUY YOU A DRINK?
2846,"""LE"" CATEGORIE"
2847,STAR WARS
2848,"LOUIS, LOUIS"
2849,MUSIC OF THE '90s
2850,"""C"" ME"
2851,"THAT'S MY NICKNAME, DON'T WEAR IT OUT"
2852,GLOBIN'
2853,"ELEMENTARY, MY DEAR"
2854,ROADSIDE AMERICA
2855,CHINESE HISTORY
2856,LET'S GO WITH THE FLOW
2857,MASSACHUSETTS
2858,THE AMERICAN FLAG
2859,PEOPLE IN SONG
2860,LONG LIVE THE KING
2861,SECTS
2862,YOUNG STARS
2863,THE PHILADELPHIA STORY
2864,INAUGURAL ADDRESSES
2865,"""F"" TROOP"
2866,SPY NOVELS
2867,BRUCE SPRINGSTEEN
2868,THE NEW YORK TIMES ARTS
2869,TV NUMBERS
2870,A CATEGORY FOR THE BIRDS
2871,THE GRAMMYS
2872,BEST FOREIGN LANGUAGE FILM
2873,BEDTIME STORIES
2874,CIVIL RIGHTS HEROES
2875,NAME THAT CENTURY
2876,BETWEEN
2877,IRAQ
2878,CHURCHES & CATHEDRALS
2879,STATE LICENSE PLATES
2880,CASTLES
2881,PATRIOTS
2882,MOVIE CHARACTERS
2883,SPORTS TALK
2884,AROUND THE CELL
2885,"MONEY, MONEY, MONEY"
2886,THE FIRST PERSON
2887,"STARTS WITH ""S"""
2888,CHRIS COLUMBUS
2889,ISLAND HOPPING
2890,AMERICAN GOVERNMENT
2891,DORM CUISINE
2892,ROCK STARS
2893,IN THE MOVIES
2894,WHATCHA GOT COOKIN'?
2895,REPTILES
2896,MYTHOLOGICAL RHYME TIME
2897,MOVIES BY THE NUMBERS
2898,THE PULITZER PRIZE FOR DRAMA
2899,"FILE UNDER ""M"""
2900,SLOGANS
2901,LITERARY NARRATORS
2902,WORDPLAY
2903,19th CENTURY PERSONALITIES
2904,THE SHIELD
2905,24
2906,FILMED IN HAWAII
2907,MUSICAL NICKNAMES
2908,"LITERARY CROSSWORD CLUES ""M"""
2909,AUTOBIOGRAPHERS
2910,A RIVER RUNS THROUGH IT
2911,OUT WEST
2912,WHERE THERE'S A WILLIAM
2913,A SIDE OF BACON
2914,LITERARY SUBTITLES
2915,RAY
2916,"PAINT IT ""BLACK"""
2917,LITERARY TRIVIA
2918,FRANCHISES
2919,'60s POP QUIZ
2920,"FILE UNDER ""B"""
2921,SCANDALS
2922,READ ANY GOOD BOOKS?
2923,SCANDALOUS WOMEN
2924,PLAY STATION
2925,JEWISH HISTORY
2926,JEPOETRY
2927,THEY COME IN THREES
2928,"""OK"""
2929,A PIECE OF CAKE
2930,CHANGE ONE LETTER
2931,MAIDEN NAMES
2932,PHYS ED
2933,AIRLINES
2934,"""OY""!"
2935,THE ROLE IN COMMON
2936,TERMS OF ENGINEERMENT
2937,TV WORKPLACES
2938,COOKIES
2939,"ANIMAL, VEGETABLE OR MINERAL"
2940,GOVERNMENT AGENCIES
2941,SHAKESPEARE IN LOVE
2942,WORLD WAR II IN EUROPE
2943,"UNDER THE ""C"""
2944,NAME CALLING
2945,O PIONEERS!
2946,KNOW YOUR EARTH
2947,FIREFIGHTING
2948,AFRICAN-AMERICAN AUTHORS
2949,WORLD HERSTORY
2950,YOU'RE SUCH AN ANIMAL!
2951,CONTRONYMS
2952,"""E"" BAY"
2953,DEAR JOHN
2954,AUTHOR! AUTHOR!
2955,FASTER
2956,THE BIRDS & THE BEES
2957,WORDS IN AMERICA
2958,14-LETTER WORDS
2959,PRESIDENTIAL ALMA MATERS
2960,FEMALE FIRSTS
2961,SOUTH OF THE EQUATOR
2962,GONE WITH THE WIND
2963,CLASSIC CINEMA
2964,RITUALS
2965,FABRICS
2966,"WHAT ""A"" COUNTRY!"
2967,WE'RE IN BUSINESS
2968,VOCABULARY TEST
2969,"""B""s ON BOTH ENDS"
2970,"""DOLLAR""S & ""CENT""S"
2971,ONE-WORD FILM TITLES
2972,DUMB CRIMINALS
2973,IT'S ALL A LEGEND
2974,MISCELLANY
2975,PRESIDENTS & FIRST LADIES
2976,RUSSIAN CITIES
2977,KITCHEN UTENSILS
2978,MOVIES IN OTHER WORDS
2979,1955
2980,AMERICAN POSTAL ABBREVIATIONS
2981,"STARTS WITH ""R"""
2982,HOOKED ON HOMOPHONICS
2983,COMPUTER MILESTONES
2984,STADIUMS & ARENAS
2985,ARE YOU SHAKESPEARIENCED?
2986,LEGALESE
2987,O CANADA
2988,BANNED BOOKS
2989,ANATOMY & MEDICINE
2990,LAWN ORDER
2991,1961
2992,4-LETTER RIVERS
2993,ARACHNIDS
2994,SOUTH OF THE BORDER
2995,COUNTRIES BY NEWSPAPERS
2996,ANCIENT EGYPT
2997,BOOK LEARNIN'
2998,NHL LOGOS
2999,SUPREME COURT JUSTICES
3000,LAS VEGAS
3001,ACTORS ON BROADWAY
3002,CALIFORNIA
3003,NATIONS' MOST POPULOUS CITIES
3004,"""I"" DO"
3005,HAIR
3006,NAME THE NOVEL
3007,CAPITAL CITY BIRTHPLACES
3008,FUN WITH DICK & JANE
3009,"SWEET ""P"""
3010,DEATH SENTENCES
3011,CHRISTMAS CUSTOMS
3012,"""H""ISTORIC PEOPLE"
3013,RETIRED JERSEYS
3014,MATH CLASS
3015,CARTOON FEMALES
3016,GERMAN HISTORY
3017,COUNTRIES BY COLLEGE
3018,ART FOR ART'S SAKE
3019,SOLD!
3020,EUROPEAN BODIES OF WATER
3021,A CATEGORY FULL OF HOLES
3022,GYMNASTICS
3023,ALSO A MUSICAL INSTRUMENT
3024,HOLD THE FORT
3025,THE TV CHARACTER IN COMMON
3026,"IT'S CANADA, EH"
3027,"""I"" OPENERS"
3028,WWII
3029,ROCK & ROLL HALL OF FAME
3030,HIGH PLACES
3031,"OH, THE HUMANITIES!"
3032,SHOW ME THE MONKEY!
3033,EMMY HISTORY
3034,BOOK SERIES
3035,RECENT FICTION
3036,SWEET
3037,"SILENT ""P"""
3038,BIG SCREEN BIOS
3039,"TAKE ""TEN"""
3040,HETERONYMS
3041,THE TUDORS
3042,"FEELING ""ILL"""
3043,MISSOURI LOVES COMPANY
3044,TREE POTPOURRI
3045,COLLECTIONS
3046,MARCH MADNESS
3047,ALSO A BODY PART
3048,CRIME
3049,THE THINGS YOU SAY!
3050,HISTORIC FACES
3051,BROADWAY MUSICALS BY CHARACTERS
3052,PRESIDENTIAL QUOTES
3053,RECONSTRUCTION
3054,C IS FOR...
3055,BOOKS
3056,GOOD SPORTS
3057,BODY BASICS
3058,DEAD LINES
3059,WINE & CHEESE
3060,LET'S GET GRAPHIC
3061,PALEONTOLOGY
3062,"FILE UNDER ""D"""
3063,NATIVE AMERICANA
3064,STATE THE SENATOR
3065,THE 16th CENTURY
3066,"GIMME AN ""H"""
3067,BIRTH OF A PRESIDENT
3068,WORLD LIT
3069,FAMOUS WALTERS
3070,ALL IN THE FAMILY
3071,NFL HOME STADIUMS
3072,WHICH U.S. CABINET DEPARTMENT?
3073,COLLEGE BASKETBALL
3074,"ART ""C"""
3075,COMPUTER HISTORY
3076,BLASTS FROM THE PAST
3077,SPELLBOUND
3078,THE BIRDS
3079,THE 1980S
3080,PUNCH LINES
3081,SURPRISING SINGERS
3082,ENGLISH HISTORY
3083,VIENNA
3084,MEDIEVAL EUROPE
3085,DOC TALK
3086,FAIRY TALES
3087,1980
3088,SHAMPOO
3089,"""CON"" GAME"
3090,TURTLES
3091,HOLLYWOOD HISTORY
3092,SICKNESS & HEALTH
3093,QUESTIONABLE SONGS
3094,WHAT A KNOCKOUT!
3095,LITERARY MOVEMENTS
3096,"""C"" IN HISTORY"
3097,THE SOUTHERNMOST NATION
3098,HAVE A HEART
3099,FUN WITH FASHION
3100,"GIVE ""P""s A CHANCE"
3101,IT'S GREEK MYTH TO ME
3102,MOVIE MONSTERS
3103,SCANDINAVIANS
3104,AUTHORS ON FILM
3105,AUTOMOBILES
3106,THE LAST
3107,FIX THE MALAPROPISM
3108,BIG SCREEN BIO SUBJECTS
3109,FOOTBALL 101
3110,'80s BESTSELLERS
3111,"""V""OCABULARY"
3112,THEY'RE IN CHARGE
3113,WORDS WE DON'T USE ENOUGH
3114,MATH & SCIENCE
3115,A WORLD OF BEER
3116,SOUTH DAKOTA
3117,NAME THAT MUSICAL
3118,AMERICA THE BEAUTIFUL
3119,A WORLD OF MUSIC
3120,STATES BY COUNTIES
3121,ANATOMY CLASS
3122,SPORTS ANNOUNCERS
3123,HAMLET
3124,LITERARY PLACES
3125,KUNG FU
3126,AMERICAN CUISINE
3127,IT HAPPENS ONCE A YEAR
3128,CAREER DAY
3129,BOOK REPORT
3130,FAMILY MATTERS
3131,WHIRLED CAPITALS
3132,CONSTELLATIONS
3133,THE SPORTING LIFE
3134,FRENCH WORDS & PHRASES
3135,DOUBLE-LETTER WORDS
3136,FRENCH LITERATURE
3137,"THE ""7""-YEAR ITCH"
3138,STATE THE STATE
3139,ELVIS LYRICS
3140,MYSTERY MEAT
3141,GOT MILK?
3142,30-SECOND THEATER
3143,FAMOUS TRIALS
3144,WE'RE TALKING BASEBALL
3145,"FILE UNDER ""C"""
3146,50 CENT
3147,HOME RUN SLUGGERS
3148,LATIN AMERICA
3149,VETERINARY MEDICINE
3150,PBS
3151,ARGENTINA
3152,PLAY SETTINGS
3153,LET'S GO TO THE MOVIES
3154,BIBLE BASICS
3155,THIS CATEGORY IS ABBREVIATED
3156,GEOGRAPHIC TERMS
3157,AROUND THE U.S.A.
3158,INTERNATIONAL SPORTS STARS
3159,ANAGRAMMED HITCHCOCK FILMS
3160,CAPITAL CITY HOTELS
3161,PARROTS
3162,"THIS MEANS ""WAR"""
3163,COME FLY WITH ME
3164,MIDWESTERN CITIES
3165,CONGRESS
3166,FOOD PHRASES
3167,THE ORCHESTRA
3168,"RATED ""G"""
3169,THE KING
3170,TAKE THE KIDS!
3171,WORDS OF THE '60s
3172,THE DESERT
3173,MINI-COUNTRIES
3174,NAME THAT POET
3175,NOT A STATE CAPITAL
3176,COMPLETES THE FILM TITLE
3177,"PERSON, PLACE OR THING"
3178,STATE QUARTERS
3179,3 OF A KIND
3180,FOLLOW THE LEADER
3181,IN-FLIGHT MOVIES
3182,HISTORIC GROUPS
3183,CLIP ART
3184,GOVERNMENT WORK
3185,THE NEW YORK TIMES SCIENCE TIMES
3186,AUSTRALIAN CAPITALS
3187,SYMBOLISM
3188,3-SYLLABLE WORDS
3189,STATE YOUR NAME
3190,MUSIC MAKERS
3191,MEDICAL BREAKTHROUGHS
3192,ART-PODGE
3193,"""TIC"" TALK"
3194,ARKANSAS
3195,"""R"" TOWN"
3196,TV TITLE ROLES
3197,MINNESOTANS
3198,FACE BOOK
3199,HIDDEN COUNTRIES
3200,ROCK
3201,CHRISTMAS SONGS
3202,BY GEORGE
3203,"""OO"", SORRY!"
3204,TO THE MAX
3205,MEASUREMENT
3206,TOP MODELS
3207,SCIENCE STUFF
3208,FILMS OF THE '50s
3209,REBELS WITH A CAUSE
3210,LYING IN STATE
3211,BIBLICAL WHO SAID IT?
3212,FIRST LADY FIRSTS
3213,DIALECTS
3214,ON BROADWAY
3215,VIDEO POTPOURRI
3216,1974
3217,TAKING THE FIFTH
3218,"""G"" MOVIES"
3219,FILMS OF THE 1980s
3220,POET-TREE
3221,"A, B, C, D THEN F"
3222,GREEK GODS
3223,BIO SUBJECTS
3224,TALKING TURKEY
3225,FESTIVE FOOD
3226,MOVIE GEOGRAPHY
3227,CHANNEL SURFING
3228,CURRENT EVENTS
3229,OCEANIA
3230,"""D"" FACTO"
3231,THE ITALIAN RENAISSANCE
3232,VICE PRESIDENTIAL RHYME TIME
3233,WRITERS ON FILM
3234,AROUND THE BODY
3235,CLIFF NOTES
3236,VERB FIRST NAMES
3237,WOULD YOU LIKE A BEVERAGE?
3238,THE RISE OF THE MACHINES
3239,THE STAMP ACT
3240,"FILE UNDER ""A"""
3241,PRESIDENTIAL DAUGHTERS
3242,THE MALE OF THE SPECIES
3243,"C'EST LA ""V"""
3244,"""G""EOGRAPHY"
3245,"""STREET""S"
3246,HAT HAPPY
3247,WORLD POLITICS
3248,BOOK REVIEWS
3249,LET'S CELEBRATE!
3250,FONTS OF INFORMATION
3251,DIRECTORS
3252,BIOPIC SUBJECTS
3253,COMPUTERS
3254,IN OTHER WORDS...
3255,CREATURE FEATURES
3256,FOREIGN FILMS
3257,A McCATEGORY
3258,MYTHING IN ACTION
3259,ANAGRAMMED MUSICALS
3260,SOLDIERS
3261,"LITERARY CROSSWORD CLUES ""G"""
3262,"THE ""WEST"" WING"
3263,GUNS
3264,LIBROS EN ESPANOL
3265,SEEING STARS
3266,STATE SYMBOLS
3267,"STARTS WITH ""J"""
3268,PRESIDENTIAL MOMS
3269,"""IQ"" TEST"
3270,"""B"" BOYS"
3271,PREPOSITIONAL PHRASES
3272,AFRICAN-AMERICAN FIRSTS
3273,BODIES IN WATER
3274,CARIBBEAN CUISINE
3275,A-ONE
3276,FUN ACROSS AMERICA
3277,MY NAME IS GEORGE
3278,I'LL BE YOUR WAITER
3279,SOCIAL STUDIES
3280,U.S. POSTAL ABBREVIATIONS
3281,IT'S A DISASTER!
3282,COMPLETE THE MOVIE QUOTE
3283,TITLE CHARACTERS
3284,THEIR ONLY TOP 10 POP HIT
3285,PAPER
3286,STATES' FORMER GOVERNORS
3287,FOOD IN HISTORY
3288,'90s MOVIES
3289,PSYCH 101
3290,TV ACTORS & ACTRESSES
3291,STARTS WITH 3 CONSONANTS
3292,THIS MEANS WAR!
3293,WAR!
3294,STOP!
3295,ALPHABETIC HOMOPHONES
3296,THE GREAT WAR
3297,'50s TV
3298,STORY PROBLEMS
3299,FAST FOOD
3300,A DECEMBER TO REMEMBER
3301,FLIGHTLESS BIRDS
3302,RENAISSANCE MEN
3303,NURSERY RHYME HEADLINES
3304,WACKY TV NEIGHBORS
3305,DEEP THINKERS
3306,PHOBIAS
3307,KEEP ON TRUCKIN'
3308,CHICK LIT
3309,INTERNATIONAL DATEBOOK
3310,___THE___
3311,ENTERPRISE
3312,AMERICAN TOWNS & CITIES
3313,3-LETTER ANIMALS
3314,C'EST CHEESE
3315,WATCH THE BIRDIE
3316,MICROSOFT
3317,CELEBRITY MEMOIRS
3318,SCRAMBLED KEGS
3319,TENNESSEE WILLIAMS
3320,SONG VERBS
3321,YOU SAY POTATO
3322,CHIPS
3323,WAX MUSEUMS
3324,1958
3325,CURTAINS
3326,ISLANDS OF THE ATLANTIC
3327,TV SHOWS IN OTHER WORDS
3328,"GIVE ME AN ""H"""
3329,"SOFT ""C"""
3330,JOIN THE CLUB
3331,COUNTRY COOKING
3332,"FILE UNDER ""J"""
3333,THE DEVIL
3334,ON THE MAP
3335,WOMEN IN MYTHOLOGY
3336,"BY THE ""BOOK"""
3337,EXPLORING AFRICA
3338,FRENCH CLASS
3339,"YOU GO, GIRL!"
3340,PACKAGING
3341,EPITAPHS
3342,THE 15th CENTURY
3343,SCARY MOVIES
3344,COLLEGE COURSES
3345,WHICH TIME ZONE?
3346,NATIONAL COATS OF ARMS
3347,MOUSE PADS
3348,IN THE MIDDLE OF THE STATE
3349,PRESIDENTIAL MIDDLE NAMES
3350,THE VEGETABLE GARDEN
3351,VICE-PRESIDENTS
3352,"A LITTLE ""R"" & ""R"""
3353,BABY TALK
3354,LITERARY LINES
3355,MOVIE MANIA
3356,WHERE ART THOU?
3357,MEASURE FOR MEASURE
3358,THOMAS PAINE
3359,"DOUBLE ""L"""
3360,"RICE, RICE BABY"
3361,IN PARIS
3362,THE MUSEUM OF FLIGHT
3363,LITERARY TITLE CHARACTERS
3364,"""E"" MALE"
3365,ORGAN RECITAL
3366,SPECIAL MONTHS
3367,YOU GOTTA HAVE ART
3368,"""MOORE"" OR ""LES"""
3369,FAMOUS LAST WORDS
3370,BY THE HUNDREDS
3371,LOGIC
3372,SPORTS STATS
3373,SUDDEN DEATH
3374,"U.S. ""O"" TOUR"
3375,OKLAHOMA
3376,TV SIDEKICKS
3377,HOT SPOTS
3378,ACTORS' REAL NAMES
3379,TV TO FILM
3380,"""G"" FORCE"
3381,NUCLEAR PHYSICS
3382,CANNIBAL CUISINE
3383,BEFORE THEY WON OSCARS
3384,ANIMALS IN MYTHOLOGY
3385,B.C.
3386,WOMEN
3387,SINGLE-NAMED SINGERS
3388,THE '70s
3389,IN GOD'S NAME
3390,MYSTERIES
3391,CHAMPIONS
3392,MAKE NO MYTHTAKE
3393,ALSO A BIRD
3394,MISNOMERS
3395,URBAN DICTIONARY
3396,LEGAL MATTERS
3397,"BACK IN ""BLACK"""
3398,PICK THE OSCAR WINNER
3399,NATIONAL MEMORIALS
3400,THE LONGEST
3401,FAMOUS FOLKS
3402,THERE'S SOMETHING ABOUT MARY
3403,UNUSUAL PETS
3404,U.S. CAPITALS OF THE WORLD
3405,MIRRORS
3406,BUSINESS PEOPLE
3407,WELCOME TO MY COUNTRY
3408,SHAKESPEARE'S OPENING LINES
3409,RUNNING MATES
3410,MASTERPIECE THEATRE
3411,"""MOTHER"", ""FATHER"", ""SISTER"", ""BROTHER"""
3412,"I LOVE ""U"""
3413,FAMILY TIES
3414,HAUTE CUISINE
3415,SPANISH TO ENGLISH
3416,FOOD GLORIOUS FOOD
3417,"""B""EOPLE"
3418,IT'S A MYSTERY!
3419,THE ROLES OF A LIFETIME
3420,CASABLANCA
3421,MAKE-UP TEST
3422,WE LOVE BROADWAY
3423,CLASSIC GAMES
3424,BRING OUT YOUR DEAD
3425,SPAM
3426,AROUND ASIA
3427,NAME THE TV SHOW
3428,"""RED"", ""WHITE"" & ""BLUE"""
3429,'70s SITCOMS
3430,"""A"" MEN"
3431,SPORTS-POURRI
3432,CAR MODELS
3433,CDs
3434,JIM CLASS
3435,THE MYSTERIOUS EAST
3436,"""LOCK""s"
3437,"FOOD, GLORIOUS FOOD"
3438,DAMN YANKEES
3439,"HELLO, DOLLY!"
3440,HAM
3441,COUNTRY MUSIC STARS
3442,YOU COULD PUT AN EYE OUT
3443,"""E"" FOR EFFORT"
3444,"YOU GET AN ""A"""
3445,"WHAT THE ""H""?"
3446,LEGAL BRIEFS
3447,FAKING IT
3448,"ENDS IN ""U"""
3449,HILLS
3450,BROTHERS
3451,COFFEE
3452,KINGS & QUEENS
3453,THE 1790s
3454,"""J"" PEG"
3455,LITERARY BROTHERS
3456,WARS BY BATTLE
3457,YALE
3458,THE U.N.
3459,"BIRD, REPTILE OR FELINE"
3460,MIND YOUR MANNERS
3461,BIG SCREEN TITLE PAIRS
3462,THE PRODUCE DEPT.
3463,MEAT ME
3464,IN ST. LOUIS
3465,PROFESSIONAL SPORTS
3466,COMPLETES THE PROVERB
3467,"""G.G."""
3468,THE IDES OF MARCH
3469,BANANAS
3470,1960s TV
3471,PEOPLE'S SEXIEST MEN ALIVE
3472,WHERE THERE'S A WILL
3473,"THERE'S A ""WAY"""
3474,I LOVE NEW YORK
3475,DISNEY MOVIES
3476,DECEMBER 24
3477,1981
3478,HOLLYWOOD QUOTES
3479,"RATED ""R"""
3480,SONGS FROM DISNEY FILMS
3481,PERU
3482,SPACE
3483,HOW DO YOU WORK THIS THING?
3484,NAPOLEON
3485,BUTTERFLIES & MOTHS
3486,SPAIN
3487,SODA
3488,"""D"" IN COOKING"
3489,EASTER
3490,ITALIAN CITIES
3491,DESCRIBING THE SPORT
3492,"ISN'T IT ""GRAND""?"
3493,GONE FISHING
3494,ST. PATRICK'S DAY
3495,PARADES
3496,PENGUINS
3497,LET'S EAT CHINESE
3498,"IT'S A ""SMALL"" WORLD"
3499,THE RAT PACK
3500,McPEOPLE
3501,"""U"" KNOW YOU KNOW"
3502,HOUSEPLANTS
3503,SHOPPING SPREE
3504,"""D"" BRIEFING"
3505,FROM SCREEN TO STAGE
3506,COUNTRY MATTERS
3507,NEW JERSEYITES
3508,PEAKS & VALLEYS
3509,SHAKESPEAREAN ANAGRAMS
3510,SWEET STUFF
3511,TECH TALK
3512,SPACED OUT
3513,GROVER CLEVELAND
3514,"ON THE ""MA""P"
3515,MILITARY MOVIES
3516,IMPOSSIBLE
3517,BEFORE HE WAS PRESIDENT...
3518,'80s MUSIC
3519,FILL IN THE BOOK TITLE
3520,ACTOR-PLAYWRIGHTS
3521,A PROVERBIAL MESS
3522,HAWAII
3523,MOVIES BY CHARACTERS
3524,ON THE U.S. MAP
3525,FUN STUFF
3526,ACTING PRESIDENTS
3527,SHOW TUNES
3528,"THE ""EX"" FILES"
3529,BEST SCREENPLAY OSCARS
3530,THINKING ABOUT COLLEGE
3531,THE 1600s
3532,"YOU CAN CALL ME ""AL"""
3533,"OLD, ODD & OBSCURE WORDS"
3534,18TH CENTURY AMERICA
3535,"FILE UNDER ""T"""
3536,THE STATUE OF LIBERTY
3537,CLASSIC AMERICAN MUSIC
3538,ARE YOU READY FOR SOME FOOTBALL?
3539,"THERE'S AN ""A"""
3540,WE HAVE THE TECHNOLOGY
3541,QUARTER BACKS
3542,REPTILES & AMPHIBIANS
3543,FINISH THE LINE
3544,NAME THE MUSICAL
3545,ACADEMIA NUTS
3546,B MINUS
3547,HIPPO-POURRI
3548,LITTLE ROCK
3549,COLUMBIA
3550,PARTS OF SPEECH
3551,TV ADJECTIVES
3552,HYPHENATES
3553,SOUTH AMERICAN COUNTRIES
3554,COLLEGE BOWL
3555,ART FOR ART'S SAKE!
3556,BOGEY MEN
3557,SPORTS GIANTS
3558,1899
3559,MEDICINAL PLANTS
3560,"""NEW"" GEOGRAPHY"
3561,TOP 40 DEBUTS
3562,WHAT'S WRONG WITH ME?
3563,FRANK LLOYD WRIGHT
3564,GETTING SCIENTIFIC
3565,THE 1820s
3566,BILL CLINTON
3567,LETHAL WEAPONS
3568,TV PERSONALITIES
3569,GOLF TALK
3570,GRADUATE SCHOOL
3571,BUSINESS BIGGIES
3572,NEW MEXICO
3573,ON LOCATION
3574,CONSECUTIVE NUMBERS
3575,FOR RICHARD
3576,HYBRIDS
3577,THE LONDON STAGE
3578,I LEARNED IT ONLINE
3579,BRITISH LIT
3580,FILMS OF THE '40s
3581,LITERARY SEQUELS
3582,NICK NAMES
3583,NUTS
3584,NEW TESTAMENT
3585,MONEY MATTERS
3586,THE 16TH CENTURY
3587,"ON THE ""M""AP"
3588,SITCOM CITIES
3589,EUROPEAN RIVERS
3590,SPORTS QUOTES
3591,MONARCHIES
3592,LLOYDERING
3593,POP STARS A.K.A.
3594,BEANS
3595,ON THE ROCKS
3596,COOKING CLASS
3597,LITERARY CLASSICS
3598,BRUSH UP YOUR SHAKESPEARE
3599,CLASSIC TOYS
3600,ART HEISTS
3601,MICHAEL JORDAN
3602,GEORGIA ON MY MIND
3603,BODY PARTS BY PREFIX
3604,ODD JOBS
3605,AMERICAN RIVERS
3606,HOLLYWOOD
3607,AROUND THE HORN
3608,GRAY'S ANATOMY
3609,THE NEW YORK TIMES BOOK REVIEW
3610,NAME THAT PREZ
3611,GORGE
3612,ONLY ONE VOWEL
3613,WINGS
3614,GEEK LOVE
3615,CHARACTERS IN MUSICALS
3616,THE SECOND
3617,HIGH SCHOOLS
3618,FOUND IN MONGOLIA
3619,THE RIVER
3620,THE HOLLYWOOD WALK OF FAME
3621,CAPITAL CITIES
3622,MOVIE OBJECTS
3623,WHAT A TOOL
3624,1901-1910
3625,LET'S GO TO THE PARK
3626,FASHION SENSE
3627,RELATED WORDS
3628,"ENGLISH ""T"""
3629,GHASTLY OPERATIC DEMISES
3630,TALKING ITALIAN
3631,TOUGH POTPOURRI
3632,DUTCH ROYALTY
3633,"""C"" BIRDS"
3634,HALOGENS
3635,A WORLD OF FOOD
3636,A FRUITY CATEGORY
3637,LET'S GO SHOPPING
3638,AUTHORS & THEIR SLEUTHS
3639,BEAUTY
3640,ART CLASS
3641,IT HAPPENED ON GROUNDHOG DAY
3642,CHEERS
3643,20TH CENTURY AUTHORS
3644,MUSICAL GENRES
3645,THEY RULED!
3646,BIG BUSINESS
3647,PHONETICS
3648,NAME GAME
3649,SHADES OF BLUE
3650,WORDS ABOUT WORDS
3651,ALL THE PRESIDENTS' CHILDREN
3652,"""T"" COUNTRIES"
3653,LITERARY TITLE PAIRS
3654,THE 1800s
3655,MONUMENTS
3656,THE ECONOMY
3657,BARTENDING
3658,ALL'S PHARAOH
3659,THE ALPS
3660,FROM THE PORTUGUESE
3661,THE STATE I'M IN
3662,HE'S THE MAYOR
3663,FADS
3664,CAVES
3665,SOMEBODY WROTE THAT
3666,THE MATERIAL WORLD
3667,small state capitals
3668,BESTSELLING AUTHORS
3669,STATES' HIGHEST POINTS
3670,A LOVELY PORT
3671,PLAYING DOCTOR
3672,THE ROCKIES
3673,LINES FROM LONGFELLOW
3674,LET'S PLAY CARDS
3675,WILDLIFE
3676,THE RING CYCLE
3677,THE SOPRANOS
3678,FISHY WORDS
3679,FAMOUS COUPLES
3680,THE NAME GAME
3681,THE GREAT SEAL OF THE U.S.
3682,FAST FOOD NATION
3683,3-LETTER ANATOMY
3684,ASTRONAUTS
3685,19th CENTURY QUOTES
3686,"""A.C."""
3687,STARS ON THE MAP
3688,ALBUM OF THE YEAR GRAMMYS
3689,MEDICAL MATTERS
3690,PARTS OF A WHOLE
3691,THE MIDWEST
3692,WILD WEST
3693,"STARTS WITH ""E"""
3694,BRAND LOGOS
3695,FOREIGN EXCHANGE
3696,KINGS
3697,NEWBERY MEDAL WINNERS
3698,"NEXT LINE, PLEASE"
3699,"SURPRISE ME, TREBEK!"
3700,AUSTRIA
3701,CAR TREK
3702,20TH CENTURY WOMEN
3703,DOCUMENTS
3704,U.S. CURRENCY
3705,STATE FLOWERS
3706,CLOTHES-MINDED
3707,THE LIBRARY OF CONGRESS
3708,ROCK 'N' POP
3709,SOUTH AMERICAN CITIES
3710,TUDOR GARAGE
3711,PAINTING & SCULPTURE
3712,"ENDS IN ""FF"""
3713,IF THEY WERE MUSICALS...
3714,"WHAT'S UP, DOC?"
3715,CINEMA
3716,GOVERNMENTAL STUPID ANSWERS
3717,DAM IT!
3718,HERSTORY
3719,WILD WOMEN IN HISTORY
3720,"""J.P."""
3721,THE WORLD SERIES
3722,BRAIN STRAIN
3723,BROKEN ENGLISH
3724,BODY PARTS
3725,THE HENRY WHO...
3726,SPORTS MASCOTS
3727,A GIRL'S BEST FRIEND
3728,THE BOYS IN BLUE
3729,21
3730,SUPER BOWL MVPs
3731,JUNE SWOON
3732,BEETHOVEN
3733,WEIRD SCIENCE
3734,FLOWER NAMES
3735,TV COPS
3736,CHINA PATTERNS
3737,COUNTRY GROUPS
3738,HOSPITALS
3739,U.S. COMMEMORATIVE COINS
3740,NEW VIDEO GAMES
3741,DANCES
3742,"SHAKESPEAREAN CROSSWORD CLUES ""M"""
3743,AN AMERICAN IN PARIS
3744,ON AVERAGE
3745,HITS OF THE '60s
3746,GET MOVING
3747,ROBERT BURNS
3748,"STARTS WITH ""G"""
3749,SPEAK OF THE DICKENS!
3750,RIGHT ON THE MONEY
3751,"""BO"" KNOWS"
3752,ROCKET MAN
3753,"""M.D.""s"
3754,COMPOSE YOURSELF
3755,GASES
3756,RUSSIAN GEOGRAPHY
3757,SWEETS
3758,SPELL IT: -ABLE OR -IBLE?
3759,COMING TO AMERICA
3760,THE SON ALSO RISES
3761,CELEBRITIES' FAVORITE BOOKS
3762,"ARMY, NAVY, AIR FORCE OR MARINES"
3763,BEN FRANKLIN
3764,GONE FISHIN'
3765,LITERARY EUROPE
3766,"""ERE""Y WORDS"
3767,FAMOUS MOUNTS
3768,ONE-HIT WONDERS
3769,TO THE NEAREST...
3770,"GIMME AN ""F"""
3771,HITCHCOCK MOVIE QUOTES
3772,"""B"" PLUS"
3773,U.S. BUILDINGS
3774,WHAT'S IN A CELEBRITY NAME?
3775,NURSERY RHYME TIME
3776,BROADWAY MUSICAL SETTINGS
3777,EUROPEANA
3778,BELIEVE
3779,STATE BORDERS
3780,TURNS OF THE CENTURY
3781,EAT YOUR VEGGIES!
3782,EGYPTIAN MYTHOLOGY
3783,BAYS
3784,LONG ONE-SYLLABLE WORDS
3785,ROLLING STONES SONGS
3786,AMERICAN POETS
3787,WHAT THE HECK IS IT?
3788,NEW YORK STATE
3789,DRAMATISTS
3790,HELP!
3791,"PRIME NUMBER, PLEASE"
3792,TOUGH LIT
3793,1991
3794,READ YOUR BIBLE
3795,WHERE IS IT?
3796,DICT. ABBREV.
3797,"""Y"" ME?"
3798,MEDIEVAL PEOPLE
3799,WALKING THE DOG
3800,"""NON"" SENSE"
3801,"""E""OGRAPHY"
3802,BUSINESSMEN
3803,CAR TALK
3804,MILTON
3805,CLASSICAL MUSICIANS
3806,STAG FILMS
3807,ANIMATION
3808,EYE ON ASIA
3809,AFRICAN WILDLIFE
3810,"""B.C."""
3811,I FEEL LIKE SUCH AN IDIOM
3812,TOOLS
3813,OZ
3814,NOW THAT'S INVENTIVE!
3815,ADDRESS ME
3816,STREET SMARTS
3817,SYMBOLOGY
3818,MUSCLING IN
3819,"GIVE ME A ""HAND"""
3820,NAME THE AUTHOR
3821,1970s ROCK
3822,HALLMARK HALL OF FAME
3823,LIZARDS
3824,A GREEN CATEGORY
3825,WORDS FROM GEOGRAPHY
3826,ESOTERICA
3827,LET'S DANCE
3828,MONEY TALK
3829,AMERICA-PODGE
3830,SITCOM NEIGHBORS
3831,IN NEED OF A DATE
3832,UNITS OF MEASURE
3833,"THE ""B""IBLE"
3834,PULITZER PRIZE NOVELS
3835,THE BELLES
3836,BEST PICTURE OSCAR WINNERS
3837,FRENCH AUTHORS
3838,STUCK IN THE MIDDLE
3839,SAM I AM
3840,SENATORS BY STATE
3841,1941
3842,COLLEGE SPORTS NICKNAMES
3843,LET'S GO CRUISING
3844,EVERYDAY ITALIAN
3845,CORN-UCOPIA
3846,CINEMATIC TITLE PAIRS
3847,THE LIBRARY
3848,PLAYTIME
3849,DESSERTS
3850,CHARACTERS IN MOVIES
3851,COLLEGE SPORTS TEAM NICKNAMES
3852,LETTERS
3853,COMEDIANS
3854,THERE'S A PLACE FOR US
3855,TV LAW
3856,SKY HIGH
3857,A FORD IN YOUR PAST
3858,MOVIE REVIEWS
3859,THEIR FIRST FEATURE FILMS
3860,THE FOOD CHAIN
3861,HAPPY
3862,ALL THE PRESIDENTS' MEN
3863,CHOCOLATE
3864,HOME BOYS
3865,THE U.S. AIR FORCE
3866,AMERICAN SIGN LANGUAGE
3867,MIDDLE NAME PLEASE
3868,FROM SOUP TO NUTS
3869,I LOVE LUCY
3870,DYNASTIES
3871,NATIONAL FORESTS
3872,BODY TALK
3873,NAMESAKES
3874,FLORIDA CITIES
3875,"BREWERS, BUCKS & PACKERS"
3876,TWAIN TRACTS
3877,ART 101
3878,COWBOYS & INDIANS
3879,YOU CAN LOOK IT UP
3880,SCRAMBLED STATE CAPITALS
3881,IDIOMS
3882,BLACK FIRSTS
3883,GOOD TOMES
3884,"CROSSWORD CLUES ""N"""
3885,GEOGRAPHER'S DICTIONARY
3886,MOVIE PEOPLE
3887,TV SHOW ADDRESSES
3888,ALTERNATIVE MEDICINE
3889,THE ANCIENTS SPEAK
3890,HAYDN
3891,OFFICIAL STATE FOOD & DRINK
3892,THE MUSICAL '80s
3893,PRODUCE
3894,COMPANY HISTORIES
3895,PICTURE THE PREZ
3896,SCIENCE LAB
3897,MACHINERY
3898,PULITZER PRIZE-WINNING BIOS
3899,MAPS
3900,"""PAR"" FOR THE COURSE"
3901,RECENT HISTORY
3902,'90s MUSIC
3903,HOUSEHOLD NAMES
3904,THE GOD SQUAD
3905,WHO CREATED THEM?
3906,PROJECT RUNAWAY
3907,CAPITAL
3908,CERVANTES
3909,LIKE A ROLLING STONE
3910,THE TIMES THEY ARE A-CHANGIN'
3911,WE GET LETTERS
3912,SINGERS ALSO KNOWN AS
3913,AFRICAN ANIMALS
3914,IT FOLLOWED ME HOME
3915,NICKELODEON
3916,ALEXANDER THE GREAT
3917,PLAYWRIGHTS & ACTRESSES
3918,20th CENTURY POETS
3919,SHOPPING U.S.A.
3920,NAME THAT NOVEL
3921,"""ITZ"" AT THE END"
3922,SPORTS ILLUSTRATED SPORTSMAN OF THE YEAR
3923,WE'VE GOT ISSUES
3924,"""TRICK"" OR ""TREAT"""
3925,WILLIAM & MARY
3926,YOU CAN QUOTE ME
3927,KIDS IN THE NEWS
3928,FILL IN THE BLANK
3929,WHERE YA FROM?
3930,TV FROM THE NEXT ROOM
3931,GENERAL KNOWLEDGE
3932,ROME
3933,NEW YORK CITY SONGS
3934,SPORTSTALK
3935,PLAYBILL
3936,SPEAK IN HAWAIIAN
3937,OFFBEAT MUSEUMS
3938,JAWS
3939,DUEL
3940,RHYMES WITH RHYME
3941,THE NATIONAL BOOK AWARDS
3942,THE WAR YEARS
3943,STATUES
3944,"""V"" DAY"
3945,ITALIAN WORDS & PHRASES
3946,MOTHERS OF INVENTION
3947,STATELY RIVERS
3948,FACTS FROM ALMANACS
3949,ANCIENT WISDOM
3950,PICTURE ME!
3951,BELLY UP TO THE BAR
3952,ON WORDS
3953,STRINGED INSTRUMENTS
3954,AMERICAN REVOLUTIONARIES
3955,"""OVER"" & ""UNDER"""
3956,"STARTS WITH ""A"""
3957,PITCHERS
3958,THE NEW YORK TIMES TRAVEL
3959,'60s POP MUSIC
3960,1910
3961,ACTORS & THEIR FILMS
3962,EDIBLE RHYME TIME
3963,ENGLISHMEN
3964,THE HOLE TRUTH
3965,SCHOOLHOUSE ROCK
3966,AROUND NEW YORK STATE
3967,TWINS
3968,THE DAKOTAS
3969,POPULAR MUSIC
3970,BIBLE HEROES
3971,MONOPOLY
3972,CEREALS
3973,ICE CREAM
3974,WATER WORKS
3975,JOURNALISTS
3976,BALL GAMES
3977,TREATS
3978,CHRISTIANITY
3979,BEST PICTURES IN OTHER WORDS
3980,HISTORIC RHYME TIME
3981,TOM HANKS MOVIE ROLES
3982,THE NEW YORK TIMES MAGAZINE
3983,THE FABULOUS FIFTIES
3984,PRO SPORTS
3985,I KNOW YOU FROM SOMEWHERE
3986,LET'S ROCK!
3987,N.E.W.S.
3988,DESCARTES
3989,THE HORSE
3990,TV DRAMA
3991,"""Z"" FOR YOURSELF"
3992,COWBOY SONGS
3993,THE U.S. SENATE
3994,ETHNIC GROUPS
3995,BYE BYE BIRDIE
3996,____ AND ____
3997,TRUCKIN'
3998,CLEOPATRA
3999,CELEBRITY TRIVIA
4000,QUICK LIT
4001,COUNTRY TIME
4002,LITTLE RED RIDING HOOD
4003,GOING GREEN
4004,JELLY BELLY FLAVORS
4005,PLANT SCIENCE
4006,ON PINS & NEEDLES
4007,BOOKS ABOUT PRESIDENTS
4008,AFRICAN-AMERICAN LIT
4009,FOUNDERS
4010,WRITERS' RHYME TIME
4011,ART SUPPLIES
4012,LINES
4013,IT'S ABOUT TIME
4014,NAME THE SPORT
4015,THE ONE & ONLY
4016,SPORTS NUMBERS
4017,WINTER SPORTS
4018,DALLAS
4019,PULITZER PRIZE WINNERS
4020,"ENDS IN ""ELLA"""
4021,BIBLICAL NAME'S THE SAME
4022,DIRECTED & STARRED IN
4023,NATURAL WONDERS
4024,SOUTH AMERICAN GEOGRAPHY
4025,ROCK & ROLL HEAVEN
4026,FILM SCHOOL
4027,FAIRIES
4028,GET INTO SHAPE
4029,REPORTING THE NEWS
4030,MUSICALS IN OTHER WORDS
4031,"""X"" RATED"
4032,MATH SYMBOLS
4033,IN LAS VEGAS
4034,WRITERS' RELATIVES
4035,ONE-WOMAN SHOWS
4036,HOLD IT
4037,TV SHOWS BY CHARACTERS
4038,"""ODE"" TO JOY"
4039,ROCK & ROLL HALL OF FAMERS
4040,OF THE ROMAN EMPIRE
4041,AIR
4042,JIMMY
4043,THE SWINGIN' '60s
4044,"THE ""LONG"" & THE ""SHORT"" OF IT"
4045,IF IT'S TUESDAY...
4046,TAXES
4047,WHATCHAMACALLIT
4048,SOMEWHERE
4049,MADE IN JAPAN
4050,THE SPORT PLAYED
4051,NOTORIOUS NICKNAMES
4052,WORDS THAT SHOULD RHYME
4053,HOMES
4054,TV POP QUIZ
4055,THE CIVIL RIGHTS MOVEMENT
4056,"HUEY, DEWEY OR LOUIS"
4057,THE EXPERIENCE MUSIC PROJECT
4058,ELEMENT SYMBOL SPELLING
4059,IT'S A SCIENTIFIC FACT
4060,ANIMALS ON THE MAP
4061,QUOTABLE POTENT POTABLES
4062,ROLE
4063,BETHLEHEM
4064,THE COMICS
4065,LOOSE CHANGE
4066,LANDING AT JFK
4067,NOVELS BEFORE & AFTER
4068,THE NEW YORK TIMES BUSINESS
4069,GUINNESS
4070,"""N"" GAME"
4071,"""K"" RATIONS"
4072,IT'S ALPHANUMERIC
4073,"""BEFORE"" & ""AFTER"""
4074,"WHAT'S ""UP""?"
4075,SHAKESPEARE'S CHARACTERS
4076,"""P""s ON EARTH"
4077,INDIA
4078,POP LYRICS
4079,THE 21st CENTURY
4080,"FILE UNDER ""E"""
4081,"""T"" BIRDS"
4082,TV & MOVIE ACTORS
4083,MYTHING PERSONS
4084,LESSER-KNOWN COMPOSERS
4085,VARIETY PACK
4086,THIS PLACE IS A ZOO!
4087,FRENCH FOOD
4088,NEWSPAPER NAMES
4089,OPENING NUMBERS OF MUSICALS
4090,TV DETECTIVES
4091,16th CENTURY AMERICA
4092,POTLUCK
4093,"""EE"""
4094,I'M IN CHARGE!
4095,CITY WALK
4096,COMIC BOOKS
4097,CLASSIC FOREIGN FILMS
4098,20TH CENTURY AMERICA
4099,JUST DESERTS
4100,OVERLAPS
4101,MOTOR SPORTS
4102,ACRONYMBLE
4103,WOMEN ON TV
4104,I WANT MY SUV
4105,WORD UP!
4106,THE NATURAL WORLD
4107,UNICEF
4108,SPANISH CLASS
4109,PIGS
4110,AUTO SHOP
4111,TRAVEL AND TOURISM
4112,MISSOURI
4113,HULL OF FAME
4114,THE LION
4115,CELEBRITY QUOTES
4116,TV THEMES
4117,FAIRIES & WEE FOLK
4118,3-NAMED CELEBRITIES
4119,FOUR
4120,GROUP THERAPY
4121,WORLD OF WARCRAFT
4122,HATS
4123,"""OX"" MARKS THE SPOT"
4124,NATHANIEL HAWTHORNE
4125,SHOWERS
4126,BRITISH SPELLING BEE
4127,LIQUIDS
4128,MORE MYTHOLOGICAL MISTAKES
4129,SYMBOLS
4130,NO. 1 HITS IN OTHER WORDS
4131,MADE UP
4132,HISTORIC LEADERS
4133,ARTISTS ON FILM
4134,"THE ""END"""
4135,"""CU"""
4136,GAMES IN OTHER WORDS
4137,OLYMPIC GOLD MEDALISTS
4138,DUETS
4139,SAUDI ARABIA
4140,EMINENT VICTORIANS
4141,AUTHORS & THEIR CHARACTERS
4142,CHAT ROOM LINGO
4143,IT'S IN THE BIBLE
4144,HOMOPHONIC NAMES
4145,TALL STRUCTURES
4146,"""TU"" MUCH"
4147,WORLD OF WORDS
4148,BAND NAMES
4149,KIDS
4150,SONGS BY THE NUMBER
4151,CAMPBELL SOUP
4152,TRUMAN CAPOTE
4153,AT TIFFANY'S
4154,"""IN"""
4155,CELEBRITY SIBLINGS
4156,FOLK MUSIC
4157,FRUIT BOWL
4158,SHOCKING!
4159,THE CW
4160,NOTABLE AMERICANS
4161,MAKES SENSE
4162,EDIBLE COMMON BONDS
4163,HOUSES OF THE HOLY
4164,NAME THE PARENTS
4165,ANIMAL WORDS
4166,AESOP'S FABLES
4167,TO THE NINES
4168,COUNTRIES BY CITY
4169,CHEM LAB
4170,BOBBING FOR BOBS
4171,"""GO"" FOR IT"
4172,ALSO A PLANET
4173,LONG LIVE THE KING!
4174,THE COCKTAIL HOUR
4175,PAINTED LADIES
4176,YOGA
4177,FRUITS & NUTS
4178,WINE A LITTLE
4179,STOCK SYMBOL SHOPPING
4180,ARTSY FILMS
4181,"""QUE"" TIPS"
4182,ROBIN WILLIAMS MOVIES
4183,B.C. TIMES
4184,RUSSIAN FOOD & DRINK
4185,CHOREOGRAPHERS
4186,COUNTRIES' LARGEST ISLANDS
4187,LITERARY GEOGRAPHY
4188,1902
4189,TOP OF THE CHARTS
4190,FICTION SCIENCE
4191,IN THE BEGINNING
4192,AROUND THE GLOBE
4193,DANCING WITH THE STARS
4194,SURVIVAL SKILLS
4195,SNL CATCHPHRASES
4196,"OH ""MI"""
4197,INTERNATIONAL ETIQUETTE
4198,FOREIGN FILM TITLES
4199,"""B.B.""s"
4200,H.H.
4201,DESERT LIFE
4202,PARTY TIME!
4203,STRAIT TALK
4204,OEDIPUS
4205,IT'S IN ARGENTINA
4206,EARLS
4207,FORBES' BILLIONAIRES
4208,1970s POP MUSIC
4209,'60s STUFF
4210,CHILDREN'S BOOKS & AUTHORS
4211,AMERICAN FADS
4212,CORPORATE HISTORIES
4213,FRUITS & VEGGIES
4214,THE ZODIAC
4215,THE NAKED TRUTH
4216,"ENDS IN ""TH"""
4217,ANAGRAMMED ANIMALS
4218,PRESIDENTIAL AUTHORS
4219,"TAKE THE ""A"" TRAIN"
4220,HISTORIC EUROPEAN LEADERS
4221,MUSCLE CARS
4222,DOWN ON THE FARM
4223,"""IN"" WORDS"
4224,ROSES
4225,NAME THAT POPE
4226,THE FRENCH THEATRE
4227,THE SWEET 1600s
4228,"""OUT"""
4229,TOUGH HISTORY
4230,"DOUBLE ""E"""
4231,CRUISIN' THE CARIBBEAN
4232,BELLS
4233,MINNESOTA
4234,SPORTS MEDICINE
4235,FRENCH MENU
4236,AT RANDOM
4237,BRAINBUSTERS
4238,1983
4239,"INTERNATIONAL ""C""UISINE"
4240,"YOU'RE MAKING ME ""MAD"""
4241,COWBOY TALK
4242,THE PREZ SEZ
4243,TOM CRUISE FILMS
4244,GAME TIME
4245,WHAT'S IN A NAME
4246,LITERARY STUPID ANSWERS
4247,GIVE ME SOME DIRECTION
4248,THEIR MAIN MUSICAL INSTRUMENT
4249,PRESIDENTIAL LAST WORDS
4250,DONE THAT
4251,WHAT'S COOKIN'?
4252,CITIES
4253,THE TROPHY CASE
4254,BIRD TV
4255,HAIR CARE
4256,WHAT'S FOR BREAKFAST?
4257,WHAT'S ON YOUR iPOD?
4258,REMEMBERING THE '90s
4259,WATER
4260,MEN OF LETTERS
4261,WHAT'S THAT THING CALLED?
4262,COLD-BLOODED ANIMALS
4263,THE TRUMAN SHOW
4264,THE SOVIET UNION
4265,SCIENCE FAIR
4266,IT'S NOT THE END OF THE WORLD
4267,REDUNDANCY & REPETITION
4268,CLASSIC ROCK LYRICS
4269,MAY
4270,THE SUN
4271,DEAD SCIENTISTS SOCIETY
4272,1996
4273,MYTHOLOGICAL MISTAKES
4274,"""V""ARIETY"
4275,"BRAND ""O"""
4276,"WALK INTO A ""BAR"""
4277,HANDICRAFTS
4278,THAT'S WHAT SHE SAID
4279,BIG BROTHERS
4280,I'M DATING MYSELF
4281,IT'S ALL IN YOUR HEAD
4282,ANDREW JACKSON
4283,BRITISH TV
4284,MINDBLOWERS
4285,SIGNS
4286,FAMILY VALUES
4287,1985
4288,ROYAL LITERATURE
4289,"WHAT THE ""H"""
4290,DANCE!
4291,THE SMALL SCREEN
4292,TODAY'S HOROSCOPE
4293,CRIME & PUNISHMENT
4294,THE SPORT OF KINGS
4295,"MOVIE NUMBER, PLEASE"
4296,ASIAN GEOGRAPHY
4297,RIVER CITY
4298,WEALTHY
4299,I MARRIED THIS SPORTS STAR
4300,INTO THE WOODS
4301,1979
4302,TRIANGLES
4303,CARTOON VOICES
4304,"""W""HERE'S THAT?"
4305,ANCIENT GREEK SALAD
4306,HISTORY 101
4307,"HE SAID, SHE SAID"
4308,BRITISH ROCKERS
4309,MNEMONICS
4310,WHAT A DISH!
4311,"HOT ""ROD""s"
4312,"NOVEL ""T""s"
4313,HIRSCHFELD
4314,I LOVE THE NIGHTLIFE
4315,TV: WHO PLAYED 'EM?
4316,"STARTS & ENDS WITH ""T"""
4317,BACK IN THE '90s
4318,ROCK OF AGES
4319,HOW GREAT THOU ART
4320,MILITARY RHYME TIME
4321,STRAIT-EN UP
4322,GIANTS
4323,ARLINGTON NATIONAL CEMETERY
4324,MAKING A LIST
4325,1776
4326,IT'S A FACT
4327,"HOT ""BUN""s"
4328,EGGHEADS
4329,PUT SOMETHING ON
4330,CELEBRITY SPOUSES
4331,CLASSICAL CLASSICS
4332,FRIENDS WITH BENEFITS
4333,ELVIS
4334,20th CENTURY FACES
4335,AMERICAN RESTAURANTS
4336,SPANISH HISTORY
4337,SPEARS
4338,SLOW DOWN
4339,6-SYLLABLE WORDS
4340,SPORTS ON FILM
4341,"DOUBLE ""D""s"
4342,GIVING BLOOD
4343,THE LOUVRE
4344,MOVIE ACTORS & ACTRESSES
4345,IT HAPPENED ON HALLOWEEN
4346,LITERARY ISLANDS
4347,MILITARY WIVES
4348,LEGENDARY RHYME TIME
4349,RAISE THE FLAG
